111621465,XXXXXX,XXXXXX,XXXXXX,XXXXXX,XXXXXX,XXXXXX,XXXXXX,XXXXXX,XXXXXX,XXXXXX,XXXXXX,XXXXXX,XXXXXX,XXXXXX
111621465,XXXXXX,XXXXXX,XXXXXX,XXXXXX,XXXXXX,XXXXXX,XXXXXX,XXXXXX,XXXXXX,XXXXXX,XXXXXX,XXXXXX,XXXXXX,XXXXXX
111621465,XXXXXX,XXXXXX,XXXXXX,XXXXXX,XXXXXX,XXXXXX,XXXXXX,XXXXXX,XXXXXX,XXXXXX,XXXXXX,XXXXXX,XXXXXX,XXXXXX
111621465,XXXXXX,XXXXXX,XXXXXX,XXXXXX,XXXXXX,XXXXXX,XXXXXX,XXXXXX,XXXXXX,XXXXXX,XXXXXX,XXXXXX,XXXXXX,XXXXXX
111621465,XXXXXX,XXXXXX,XXXXXX,XXXXXX,XXXXXX,XXXXXX,XXXXXX,XXXXXX,XXXXXX,XXXXXX,XXXXXX,XXXXXX,XXXXXX,XXXXXX
111621465,XXXXXX,XXXXXX,XXXXXX,XXXXXX,XXXXXX,XXXXXX,XXXXXX,XXXXXX,XXXXXX,XXXXXX,XXXXXX,XXXXXX,XXXXXX,XXXXXX
111621465,XXXXXX,XXXXXX,XXXXXX,XXXXXX,XXXXXX,XXXXXX,XXXXXX,XXXXXX,XXXXXX,XXXXXX,XXXXXX,XXXXXX,XXXXXX,XXXXXX
111621465,XXXXXX,XXXXXX,XXXXXX,XXXXXX,XXXXXX,XXXXXX,XXXXXX,XXXXXX,XXXXXX,XXXXXX,XXXXXX,XXXXXX,XXXXXX,XXXXXX
111621465,XXXXXX,XXXXXX,XXXXXX,XXXXXX,XXXXXX,XXXXXX,XXXXXX,XXXXXX,XXXXXX,XXXXXX,XXXXXX,XXXXXX,XXXXXX,XXXXXX
111621465,XXXXXX,XXXXXX,XXXXXX,XXXXXX,XXXXXX,XXXXXX,XXXXXX,XXXXXX,XXXXXX,XXXXXX,XXXXXX,XXXXXX,XXXXXX,XXXXXX
111621465,XXXXXX,XXXXXX,XXXXXX,XXXXXX,XXXXXX,XXXXXX,XXXXXX,XXXXXX,XXXXXX,XXXXXX,XXXXXX,XXXXXX,XXXXXX,XXXXXX
111621465,XXXXXX,XXXXXX,XXXXXX,XXXXXX,XXXXXX,XXXXXX,XXXXXX,XXXXXX,XXXXXX,XXXXXX,XXXXXX,XXXXXX,XXXXXX,XXXXXX
111621465,XXXXXX,XXXXXX,XXXXXX,XXXXXX,XXXXXX,XXXXXX,XXXXXX,XXXXXX,XXXXXX,XXXXXX,XXXXXX,XXXXXX,XXXXXX,XXXXXX
111621465,XXXXXX,XXXXXX,XXXXXX,XXXXXX,XXXXXX,XXXXXX,XXXXXX,XXXXXX,XXXXXX,XXXXXX,XXXXXX,XXXXXX,XXXXXX,XXXXXX
111621465,XXXXXX,XXXXXX,XXXXXX,XXXXXX,XXXXXX,XXXXXX,XXXXXX,XXXXXX,XXXXXX,XXXXXX,XXXXXX,XXXXXX,XXXXXX,XXXXXX
111621465,XXXXXX,XXXXXX,XXXXXX,XXXXXX,XXXXXX,XXXXXX,XXXXXX,XXXXXX,XXXXXX,XXXXXX,XXXXXX,XXXXXX,XXXXXX,XXXXXX
111621465,XXXXXX,XXXXXX,XXXXXX,XXXXXX,XXXXXX,XXXXXX,XXXXXX,XXXXXX,XXXXXX,XXXXXX,XXXXXX,XXXXXX,XXXXXX,XXXXXX
111621465,XXXXXX,XXXXXX,XXXXXX,XXXXXX,XXXXXX,XXXXXX,XXXXXX,XXXXXX,XXXXXX,XXXXXX,XXXXXX,XXXXXX,XXXXXX,XXXXXX
111621465,XXXXXX,XXXXXX,XXXXXX,XXXXXX,XXXXXX,XXXXXX,XXXXXX,XXXXXX,XXXXXX,XXXXXX,XXXXXX,XXXXXX,XXXXXX,XXXXXX
111621465,XXXXXX,XXXXXX,XXXXXX,XXXXXX,XXXXXX,XXXXXX,XXXXXX,XXXXXX,XXXXXX,XXXXXX,XXXXXX,XXXXXX,XXXXXX,XXXXXX
111621465,XXXXXX,XXXXXX,XXXXXX,XXXXXX,XXXXXX,XXXXXX,XXXXXX,XXXXXX,XXXXXX,XXXXXX,XXXXXX,XXXXXX,XXXXXX,XXXXXX
111621465,XXXXXX,XXXXXX,XXXXXX,XXXXXX,XXXXXX,XXXXXX,XXXXXX,XXXXXX,XXXXXX,XXXXXX,XXXXXX,XXXXXX,XXXXXX,XXXXXX
111621465,XXXXXX,XXXXXX,XXXXXX,XXXXXX,XXXXXX,XXXXXX,XXXXXX,XXXXXX,XXXXXX,XXXXXX,XXXXXX,XXXXXX,XXXXXX,XXXXXX
111621465,XXXXXX,XXXXXX,XXXXXX,XXXXXX,XXXXXX,XXXXXX,XXXXXX,XXXXXX,XXXXXX,XXXXXX,XXXXXX,XXXXXX,XXXXXX,XXXXXX
111621465,XXXXXX,XXXXXX,XXXXXX,XXXXXX,XXXXXX,XXXXXX,XXXXXX,XXXXXX,XXXXXX,XXXXXX,XXXXXX,XXXXXX,XXXXXX,XXXXXX
111621465,XXXXXX,XXXXXX,XXXXXX,XXXXXX,XXXXXX,XXXXXX,XXXXXX,XXXXXX,XXXXXX,XXXXXX,XXXXXX,XXXXXX,XXXXXX,XXXXXX
111621465,XXXXXX,XXXXXX,XXXXXX,XXXXXX,XXXXXX,XXXXXX,XXXXXX,XXXXXX,XXXXXX,XXXXXX,XXXXXX,XXXXXX,XXXXXX,XXXXXX
111621465,XXXXXX,XXXXXX,XXXXXX,XXXXXX,XXXXXX,XXXXXX,XXXXXX,XXXXXX,XXXXXX,XXXXXX,XXXXXX,XXXXXX,XXXXXX,XXXXXX
111621465,XXXXXX,XXXXXX,XXXXXX,XXXXXX,XXXXXX,XXXXXX,XXXXXX,XXXXXX,XXXXXX,XXXXXX,XXXXXX,XXXXXX,XXXXXX,XXXXXX
111621465,XXXXXX,XXXXXX,XXXXXX,XXXXXX,XXXXXX,XXXXXX,XXXXXX,XXXXXX,XXXXXX,XXXXXX,XXXXXX,XXXXXX,XXXXXX,XXXXXX
111621465,XXXXXX,XXXXXX,XXXXXX,XXXXXX,XXXXXX,XXXXXX,XXXXXX,XXXXXX,XXXXXX,XXXXXX,XXXXXX,XXXXXX,XXXXXX,XXXXXX
111621465,XXXXXX,XXXXXX,XXXXXX,XXXXXX,XXXXXX,XXXXXX,XXXXXX,XXXXXX,XXXXXX,XXXXXX,XXXXXX,XXXXXX,XXXXXX,XXXXXX
111621465,XXXXXX,XXXXXX,XXXXXX,XXXXXX,XXXXXX,XXXXXX,XXXXXX,XXXXXX,XXXXXX,XXXXXX,XXXXXX,XXXXXX,XXXXXX,XXXXXX
111621465,XXXXXX,XXXXXX,XXXXXX,XXXXXX,XXXXXX,XXXXXX,XXXXXX,XXXXXX,XXXXXX,XXXXXX,XXXXXX,XXXXXX,XXXXXX,XXXXXX
111621465,XXXXXX,XXXXXX,XXXXXX,XXXXXX,XXXXXX,XXXXXX,XXXXXX,XXXXXX,XXXXXX,XXXXXX,XXXXXX,XXXXXX,XXXXXX,XXXXXX
111621465,XXXXXX,XXXXXX,XXXXXX,XXXXXX,XXXXXX,XXXXXX,XXXXXX,XXXXXX,XXXXXX,XXXXXX,XXXXXX,XXXXXX,XXXXXX,XXXXXX
111621465,XXXXXX,XXXXXX,XXXXXX,XXXXXX,XXXXXX,XXXXXX,XXXXXX,XXXXXX,XXXXXX,XXXXXX,XXXXXX,XXXXXX,XXXXXX,XXXXXX
111621465,XXXXXX,XXXXXX,XXXXXX,XXXXXX,XXXXXX,XXXXXX,XXXXXX,XXXXXX,XXXXXX,XXXXXX,XXXXXX,XXXXXX,XXXXXX,XXXXXX
111621465,XXXXXX,XXXXXX,XXXXXX,XXXXXX,XXXXXX,XXXXXX,XXXXXX,XXXXXX,XXXXXX,XXXXXX,XXXXXX,XXXXXX,XXXXXX,XXXXXX
111621465,XXXXXX,XXXXXX,XXXXXX,XXXXXX,XXXXXX,XXXXXX,XXXXXX,XXXXXX,XXXXXX,XXXXXX,XXXXXX,XXXXXX,XXXXXX,XXXXXX
111621465,XXXXXX,XXXXXX,XXXXXX,XXXXXX,XXXXXX,XXXXXX,XXXXXX,XXXXXX,XXXXXX,XXXXXX,XXXXXX,XXXXXX,XXXXXX,XXXXXX
111621465,XXXXXX,XXXXXX,XXXXXX,XXXXXX,XXXXXX,XXXXXX,XXXXXX,XXXXXX,XXXXXX,XXXXXX,XXXXXX,XXXXXX,XXXXXX,XXXXXX
111621465,XXXXXX,XXXXXX,XXXXXX,XXXXXX,XXXXXX,XXXXXX,XXXXXX,XXXXXX,XXXXXX,XXXXXX,XXXXXX,XXXXXX,XXXXXX,XXXXXX
111621465,XXXXXX,XXXXXX,XXXXXX,XXXXXX,XXXXXX,XXXXXX,XXXXXX,XXXXXX,XXXXXX,XXXXXX,XXXXXX,XXXXXX,XXXXXX,XXXXXX
111621465,XXXXXX,XXXXXX,XXXXXX,XXXXXX,XXXXXX,XXXXXX,XXXXXX,XXXXXX,XXXXXX,XXXXXX,XXXXXX,XXXXXX,XXXXXX,XXXXXX
111621465,XXXXXX,XXXXXX,XXXXXX,XXXXXX,XXXXXX,XXXXXX,XXXXXX,XXXXXX,XXXXXX,XXXXXX,XXXXXX,XXXXXX,XXXXXX,XXXXXX
111621465,XXXXXX,XXXXXX,XXXXXX,XXXXXX,XXXXXX,XXXXXX,XXXXXX,XXXXXX,XXXXXX,XXXXXX,XXXXXX,XXXXXX,XXXXXX,XXXXXX
111621465,XXXXXX,XXXXXX,XXXXXX,XXXXXX,XXXXXX,XXXXXX,XXXXXX,XXXXXX,XXXXXX,XXXXXX,XXXXXX,XXXXXX,XXXXXX,XXXXXX
111621465,XXXXXX,XXXXXX,XXXXXX,XXXXXX,XXXXXX,XXXXXX,XXXXXX,XXXXXX,XXXXXX,XXXXXX,XXXXXX,XXXXXX,XXXXXX,XXXXXX
111621465,XXXXXX,XXXXXX,XXXXXX,XXXXXX,XXXXXX,XXXXXX,XXXXXX,XXXXXX,XXXXXX,XXXXXX,XXXXXX,XXXXXX,XXXXXX,XXXXXX
111621465,XXXXXX,XXXXXX,XXXXXX,XXXXXX,XXXXXX,XXXXXX,XXXXXX,XXXXXX,XXXXXX,XXXXXX,XXXXXX,XXXXXX,XXXXXX,XXXXXX
111621465,XXXXXX,XXXXXX,XXXXXX,XXXXXX,XXXXXX,XXXXXX,XXXXXX,XXXXXX,XXXXXX,XXXXXX,XXXXXX,XXXXXX,XXXXXX,XXXXXX
111621465,XXXXXX,XXXXXX,XXXXXX,XXXXXX,XXXXXX,XXXXXX,XXXXXX,XXXXXX,XXXXXX,XXXXXX,XXXXXX,XXXXXX,XXXXXX,XXXXXX
111621465,XXXXXX,XXXXXX,XXXXXX,XXXXXX,XXXXXX,XXXXXX,XXXXXX,XXXXXX,XXXXXX,XXXXXX,XXXXXX,XXXXXX,XXXXXX,XXXXXX
111621465,XXXXXX,XXXXXX,XXXXXX,XXXXXX,XXXXXX,XXXXXX,XXXXXX,XXXXXX,XXXXXX,XXXXXX,XXXXXX,XXXXXX,XXXXXX,XXXXXX
111621465,XXXXXX,XXXXXX,XXXXXX,XXXXXX,XXXXXX,XXXXXX,XXXXXX,XXXXXX,XXXXXX,XXXXXX,XXXXXX,XXXXXX,XXXXXX,XXXXXX
111621465,XXXXXX,XXXXXX,XXXXXX,XXXXXX,XXXXXX,XXXXXX,XXXXXX,XXXXXX,XXXXXX,XXXXXX,XXXXXX,XXXXXX,XXXXXX,XXXXXX
111621465,XXXXXX,XXXXXX,XXXXXX,XXXXXX,XXXXXX,XXXXXX,XXXXXX,XXXXXX,XXXXXX,XXXXXX,XXXXXX,XXXXXX,XXXXXX,XXXXXX
111621465,XXXXXX,XXXXXX,XXXXXX,XXXXXX,XXXXXX,XXXXXX,XXXXXX,XXXXXX,XXXXXX,XXXXXX,XXXXXX,XXXXXX,XXXXXX,XXXXXX
111621465,XXXXXX,XXXXXX,XXXXXX,XXXXXX,XXXXXX,XXXXXX,XXXXXX,XXXXXX,XXXXXX,XXXXXX,XXXXXX,XXXXXX,XXXXXX,XXXXXX
111621465,XXXXXX,XXXXXX,XXXXXX,XXXXXX,XXXXXX,XXXXXX,XXXXXX,XXXXXX,XXXXXX,XXXXXX,XXXXXX,XXXXXX,XXXXXX,XXXXXX
111621465,XXXXXX,XXXXXX,XXXXXX,XXXXXX,XXXXXX,XXXXXX,XXXXXX,XXXXXX,XXXXXX,XXXXXX,XXXXXX,XXXXXX,XXXXXX,XXXXXX
111621465,XXXXXX,XXXXXX,XXXXXX,XXXXXX,XXXXXX,XXXXXX,XXXXXX,XXXXXX,XXXXXX,XXXXXX,XXXXXX,XXXXXX,XXXXXX,XXXXXX
111621465,XXXXXX,XXXXXX,XXXXXX,XXXXXX,XXXXXX,XXXXXX,XXXXXX,XXXXXX,XXXXXX,XXXXXX,XXXXXX,XXXXXX,XXXXXX,XXXXXX
111621465,XXXXXX,XXXXXX,XXXXXX,XXXXXX,XXXXXX,XXXXXX,XXXXXX,XXXXXX,XXXXXX,XXXXXX,XXXXXX,XXXXXX,XXXXXX,XXXXXX
111621465,XXXXXX,XXXXXX,XXXXXX,XXXXXX,XXXXXX,XXXXXX,XXXXXX,XXXXXX,XXXXXX,XXXXXX,XXXXXX,XXXXXX,XXXXXX,XXXXXX
111621465,XXXXXX,XXXXXX,XXXXXX,XXXXXX,XXXXXX,XXXXXX,XXXXXX,XXXXXX,XXXXXX,XXXXXX,XXXXXX,XXXXXX,XXXXXX,XXXXXX
111621465,XXXXXX,XXXXXX,XXXXXX,XXXXXX,XXXXXX,XXXXXX,XXXXXX,XXXXXX,XXXXXX,XXXXXX,XXXXXX,XXXXXX,XXXXXX,XXXXXX
111621465,XXXXXX,XXXXXX,XXXXXX,XXXXXX,XXXXXX,XXXXXX,XXXXXX,XXXXXX,XXXXXX,XXXXXX,XXXXXX,XXXXXX,XXXXXX,XXXXXX
111621465,XXXXXX,XXXXXX,XXXXXX,XXXXXX,XXXXXX,XXXXXX,XXXXXX,XXXXXX,XXXXXX,XXXXXX,XXXXXX,XXXXXX,XXXXXX,XXXXXX
111621465,XXXXXX,XXXXXX,XXXXXX,XXXXXX,XXXXXX,XXXXXX,XXXXXX,XXXXXX,XXXXXX,XXXXXX,XXXXXX,XXXXXX,XXXXXX,XXXXXX
111621465,XXXXXX,XXXXXX,XXXXXX,XXXXXX,XXXXXX,XXXXXX,XXXXXX,XXXXXX,XXXXXX,XXXXXX,XXXXXX,XXXXXX,XXXXXX,XXXXXX
111621465,XXXXXX,XXXXXX,XXXXXX,XXXXXX,XXXXXX,XXXXXX,XXXXXX,XXXXXX,XXXXXX,XXXXXX,XXXXXX,XXXXXX,XXXXXX,XXXXXX
111621465,XXXXXX,XXXXXX,XXXXXX,XXXXXX,XXXXXX,XXXXXX,XXXXXX,XXXXXX,XXXXXX,XXXXXX,XXXXXX,XXXXXX,XXXXXX,XXXXXX
111621465,XXXXXX,XXXXXX,XXXXXX,XXXXXX,XXXXXX,XXXXXX,XXXXXX,XXXXXX,XXXXXX,XXXXXX,XXXXXX,XXXXXX,XXXXXX,XXXXXX
111621465,XXXXXX,XXXXXX,XXXXXX,XXXXXX,XXXXXX,XXXXXX,XXXXXX,XXXXXX,XXXXXX,XXXXXX,XXXXXX,XXXXXX,XXXXXX,XXXXXX
111621465,XXXXXX,XXXXXX,XXXXXX,XXXXXX,XXXXXX,XXXXXX,XXXXXX,XXXXXX,XXXXXX,XXXXXX,XXXXXX,XXXXXX,XXXXXX,XXXXXX
111621465,XXXXXX,XXXXXX,XXXXXX,XXXXXX,XXXXXX,XXXXXX,XXXXXX,XXXXXX,XXXXXX,XXXXXX,XXXXXX,XXXXXX,XXXXXX,XXXXXX
111621465,XXXXXX,XXXXXX,XXXXXX,XXXXXX,XXXXXX,XXXXXX,XXXXXX,XXXXXX,XXXXXX,XXXXXX,XXXXXX,XXXXXX,XXXXXX,XXXXXX
111621465,XXXXXX,XXXXXX,XXXXXX,XXXXXX,XXXXXX,XXXXXX,XXXXXX,XXXXXX,XXXXXX,XXXXXX,XXXXXX,XXXXXX,XXXXXX,XXXXXX
111621465,XXXXXX,XXXXXX,XXXXXX,XXXXXX,XXXXXX,XXXXXX,XXXXXX,XXXXXX,XXXXXX,XXXXXX,XXXXXX,XXXXXX,XXXXXX,XXXXXX
111621465,XXXXXX,XXXXXX,XXXXXX,XXXXXX,XXXXXX,XXXXXX,XXXXXX,XXXXXX,XXXXXX,XXXXXX,XXXXXX,XXXXXX,XXXXXX,XXXXXX
111621465,XXXXXX,XXXXXX,XXXXXX,XXXXXX,XXXXXX,XXXXXX,XXXXXX,XXXXXX,XXXXXX,XXXXXX,XXXXXX,XXXXXX,XXXXXX,XXXXXX
111621465,XXXXXX,XXXXXX,XXXXXX,XXXXXX,XXXXXX,XXXXXX,XXXXXX,XXXXXX,XXXXXX,XXXXXX,XXXXXX,XXXXXX,XXXXXX,XXXXXX
111621465,XXXXXX,XXXXXX,XXXXXX,XXXXXX,XXXXXX,XXXXXX,XXXXXX,XXXXXX,XXXXXX,XXXXXX,XXXXXX,XXXXXX,XXXXXX,XXXXXX
111621465,XXXXXX,XXXXXX,XXXXXX,XXXXXX,XXXXXX,XXXXXX,XXXXXX,XXXXXX,XXXXXX,XXXXXX,XXXXXX,XXXXXX,XXXXXX,XXXXXX
111621465,XXXXXX,XXXXXX,XXXXXX,XXXXXX,XXXXXX,XXXXXX,XXXXXX,XXXXXX,XXXXXX,XXXXXX,XXXXXX,XXXXXX,XXXXXX,XXXXXX
111621465,XXXXXX,XXXXXX,XXXXXX,XXXXXX,XXXXXX,XXXXXX,XXXXXX,XXXXXX,XXXXXX,XXXXXX,XXXXXX,XXXXXX,XXXXXX,XXXXXX
111621465,XXXXXX,XXXXXX,XXXXXX,XXXXXX,XXXXXX,XXXXXX,XXXXXX,XXXXXX,XXXXXX,XXXXXX,XXXXXX,XXXXXX,XXXXXX,XXXXXX
111621465,XXXXXX,XXXXXX,XXXXXX,XXXXXX,XXXXXX,XXXXXX,XXXXXX,XXXXXX,XXXXXX,XXXXXX,XXXXXX,XXXXXX,XXXXXX,XXXXXX
111621465,XXXXXX,XXXXXX,XXXXXX,XXXXXX,XXXXXX,XXXXXX,XXXXXX,XXXXXX,XXXXXX,XXXXXX,XXXXXX,XXXXXX,XXXXXX,XXXXXX
111621465,XXXXXX,XXXXXX,XXXXXX,XXXXXX,XXXXXX,XXXXXX,XXXXXX,XXXXXX,XXXXXX,XXXXXX,XXXXXX,XXXXXX,XXXXXX,XXXXXX
111621465,XXXXXX,XXXXXX,XXXXXX,XXXXXX,XXXXXX,XXXXXX,XXXXXX,XXXXXX,XXXXXX,XXXXXX,XXXXXX,XXXXXX,XXXXXX,XXXXXX
111621465,XXXXXX,XXXXXX,XXXXXX,XXXXXX,XXXXXX,XXXXXX,XXXXXX,XXXXXX,XXXXXX,XXXXXX,XXXXXX,XXXXXX,XXXXXX,XXXXXX
111621465,XXXXXX,XXXXXX,XXXXXX,XXXXXX,XXXXXX,XXXXXX,XXXXXX,XXXXXX,XXXXXX,XXXXXX,XXXXXX,XXXXXX,XXXXXX,XXXXXX
111621465,XXXXXX,XXXXXX,XXXXXX,XXXXXX,XXXXXX,XXXXXX,XXXXXX,XXXXXX,XXXXXX,XXXXXX,XXXXXX,XXXXXX,XXXXXX,XXXXXX
111621465,XXXXXX,XXXXXX,XXXXXX,XXXXXX,XXXXXX,XXXXXX,XXXXXX,XXXXXX,XXXXXX,XXXXXX,XXXXXX,XXXXXX,XXXXXX,XXXXXX
111621465,XXXXXX,XXXXXX,XXXXXX,XXXXXX,XXXXXX,XXXXXX,XXXXXX,XXXXXX,XXXXXX,XXXXXX,XXXXXX,XXXXXX,XXXXXX,XXXXXX
111621465,XXXXXX,XXXXXX,XXXXXX,XXXXXX,XXXXXX,XXXXXX,XXXXXX,XXXXXX,XXXXXX,XXXXXX,XXXXXX,XXXXXX,XXXXXX,XXXXXX
111621465,XXXXXX,XXXXXX,XXXXXX,XXXXXX,XXXXXX,XXXXXX,XXXXXX,XXXXXX,XXXXXX,XXXXXX,XXXXXX,XXXXXX,XXXXXX,XXXXXX
111621465,XXXXXX,XXXXXX,XXXXXX,XXXXXX,XXXXXX,XXXXXX,XXXXXX,XXXXXX,XXXXXX,XXXXXX,XXXXXX,XXXXXX,XXXXXX,XXXXXX
111621465,XXXXXX,XXXXXX,XXXXXX,XXXXXX,XXXXXX,XXXXXX,XXXXXX,XXXXXX,XXXXXX,XXXXXX,XXXXXX,XXXXXX,XXXXXX,XXXXXX
111621465,XXXXXX,XXXXXX,XXXXXX,XXXXXX,XXXXXX,XXXXXX,XXXXXX,XXXXXX,XXXXXX,XXXXXX,XXXXXX,XXXXXX,XXXXXX,XXXXXX
111621465,XXXXXX,XXXXXX,XXXXXX,XXXXXX,XXXXXX,XXXXXX,XXXXXX,XXXXXX,XXXXXX,XXXXXX,XXXXXX,XXXXXX,XXXXXX,XXXXXX
111621465,XXXXXX,XXXXXX,XXXXXX,XXXXXX,XXXXXX,XXXXXX,XXXXXX,XXXXXX,XXXXXX,XXXXXX,XXXXXX,XXXXXX,XXXXXX,XXXXXX
111621465,XXXXXX,XXXXXX,XXXXXX,XXXXXX,XXXXXX,XXXXXX,XXXXXX,XXXXXX,XXXXXX,XXXXXX,XXXXXX,XXXXXX,XXXXXX,XXXXXX
111621465,XXXXXX,XXXXXX,XXXXXX,XXXXXX,XXXXXX,XXXXXX,XXXXXX,XXXXXX,XXXXXX,XXXXXX,XXXXXX,XXXXXX,XXXXXX,XXXXXX
111621465,XXXXXX,XXXXXX,XXXXXX,XXXXXX,XXXXXX,XXXXXX,XXXXXX,XXXXXX,XXXXXX,XXXXXX,XXXXXX,XXXXXX,XXXXXX,XXXXXX
111621465,XXXXXX,XXXXXX,XXXXXX,XXXXXX,XXXXXX,XXXXXX,XXXXXX,XXXXXX,XXXXXX,XXXXXX,XXXXXX,XXXXXX,XXXXXX,XXXXXX
111621465,XXXXXX,XXXXXX,XXXXXX,XXXXXX,XXXXXX,XXXXXX,XXXXXX,XXXXXX,XXXXXX,XXXXXX,XXXXXX,XXXXXX,XXXXXX,XXXXXX
111621465,XXXXXX,XXXXXX,XXXXXX,XXXXXX,XXXXXX,XXXXXX,XXXXXX,XXXXXX,XXXXXX,XXXXXX,XXXXXX,XXXXXX,XXXXXX,XXXXXX
111621465,XXXXXX,XXXXXX,XXXXXX,XXXXXX,XXXXXX,XXXXXX,XXXXXX,XXXXXX,XXXXXX,XXXXXX,XXXXXX,XXXXXX,XXXXXX,XXXXXX
111621465,XXXXXX,XXXXXX,XXXXXX,XXXXXX,XXXXXX,XXXXXX,XXXXXX,XXXXXX,XXXXXX,XXXXXX,XXXXXX,XXXXXX,XXXXXX,XXXXXX
111621465,XXXXXX,XXXXXX,XXXXXX,XXXXXX,XXXXXX,XXXXXX,XXXXXX,XXXXXX,XXXXXX,XXXXXX,XXXXXX,XXXXXX,XXXXXX,XXXXXX
111621465,XXXXXX,XXXXXX,XXXXXX,XXXXXX,XXXXXX,XXXXXX,XXXXXX,XXXXXX,XXXXXX,XXXXXX,XXXXXX,XXXXXX,XXXXXX,XXXXXX
111621465,XXXXXX,XXXXXX,XXXXXX,XXXXXX,XXXXXX,XXXXXX,XXXXXX,XXXXXX,XXXXXX,XXXXXX,XXXXXX,XXXXXX,XXXXXX,XXXXXX
111621465,XXXXXX,XXXXXX,XXXXXX,XXXXXX,XXXXXX,XXXXXX,XXXXXX,XXXXXX,XXXXXX,XXXXXX,XXXXXX,XXXXXX,XXXXXX,XXXXXX
111621465,XXXXXX,XXXXXX,XXXXXX,XXXXXX,XXXXXX,XXXXXX,XXXXXX,XXXXXX,XXXXXX,XXXXXX,XXXXXX,XXXXXX,XXXXXX,XXXXXX
111621465,XXXXXX,XXXXXX,XXXXXX,XXXXXX,XXXXXX,XXXXXX,XXXXXX,XXXXXX,XXXXXX,XXXXXX,XXXXXX,XXXXXX,XXXXXX,XXXXXX
111621465,XXXXXX,XXXXXX,XXXXXX,XXXXXX,XXXXXX,XXXXXX,XXXXXX,XXXXXX,XXXXXX,XXXXXX,XXXXXX,XXXXXX,XXXXXX,XXXXXX
111621465,XXXXXX,XXXXXX,XXXXXX,XXXXXX,XXXXXX,XXXXXX,XXXXXX,XXXXXX,XXXXXX,XXXXXX,XXXXXX,XXXXXX,XXXXXX,XXXXXX
111621465,XXXXXX,XXXXXX,XXXXXX,XXXXXX,XXXXXX,XXXXXX,XXXXXX,XXXXXX,XXXXXX,XXXXXX,XXXXXX,XXXXXX,XXXXXX,XXXXXX
111621465,XXXXXX,XXXXXX,XXXXXX,XXXXXX,XXXXXX,XXXXXX,XXXXXX,XXXXXX,XXXXXX,XXXXXX,XXXXXX,XXXXXX,XXXXXX,XXXXXX
111621465,XXXXXX,XXXXXX,XXXXXX,XXXXXX,XXXXXX,XXXXXX,XXXXXX,XXXXXX,XXXXXX,XXXXXX,XXXXXX,XXXXXX,XXXXXX,XXXXXX
111621465,XXXXXX,XXXXXX,XXXXXX,XXXXXX,XXXXXX,XXXXXX,XXXXXX,XXXXXX,XXXXXX,XXXXXX,XXXXXX,XXXXXX,XXXXXX,XXXXXX
111621465,XXXXXX,XXXXXX,XXXXXX,XXXXXX,XXXXXX,XXXXXX,XXXXXX,XXXXXX,XXXXXX,XXXXXX,XXXXXX,XXXXXX,XXXXXX,XXXXXX
111621465,XXXXXX,XXXXXX,XXXXXX,XXXXXX,XXXXXX,XXXXXX,XXXXXX,XXXXXX,XXXXXX,XXXXXX,XXXXXX,XXXXXX,XXXXXX,XXXXXX
111621465,XXXXXX,XXXXXX,XXXXXX,XXXXXX,XXXXXX,XXXXXX,XXXXXX,XXXXXX,XXXXXX,XXXXXX,XXXXXX,XXXXXX,XXXXXX,XXXXXX
111621465,XXXXXX,XXXXXX,XXXXXX,XXXXXX,XXXXXX,XXXXXX,XXXXXX,XXXXXX,XXXXXX,XXXXXX,XXXXXX,XXXXXX,XXXXXX,XXXXXX
111621465,XXXXXX,XXXXXX,XXXXXX,XXXXXX,XXXXXX,XXXXXX,XXXXXX,XXXXXX,XXXXXX,XXXXXX,XXXXXX,XXXXXX,XXXXXX,XXXXXX
111621465,XXXXXX,XXXXXX,XXXXXX,XXXXXX,XXXXXX,XXXXXX,XXXXXX,XXXXXX,XXXXXX,XXXXXX,XXXXXX,XXXXXX,XXXXXX,XXXXXX
111621465,XXXXXX,XXXXXX,XXXXXX,XXXXXX,XXXXXX,XXXXXX,XXXXXX,XXXXXX,XXXXXX,XXXXXX,XXXXXX,XXXXXX,XXXXXX,XXXXXX
111621465,XXXXXX,XXXXXX,XXXXXX,XXXXXX,XXXXXX,XXXXXX,XXXXXX,XXXXXX,XXXXXX,XXXXXX,XXXXXX,XXXXXX,XXXXXX,XXXXXX
111621465,XXXXXX,XXXXXX,XXXXXX,XXXXXX,XXXXXX,XXXXXX,XXXXXX,XXXXXX,XXXXXX,XXXXXX,XXXXXX,XXXXXX,XXXXXX,XXXXXX
111621465,XXXXXX,XXXXXX,XXXXXX,XXXXXX,XXXXXX,XXXXXX,XXXXXX,XXXXXX,XXXXXX,XXXXXX,XXXXXX,XXXXXX,XXXXXX,XXXXXX
111621465,XXXXXX,XXXXXX,XXXXXX,XXXXXX,XXXXXX,XXXXXX,XXXXXX,XXXXXX,XXXXXX,XXXXXX,XXXXXX,XXXXXX,XXXXXX,XXXXXX
111621465,XXXXXX,XXXXXX,XXXXXX,XXXXXX,XXXXXX,XXXXXX,XXXXXX,XXXXXX,XXXXXX,XXXXXX,XXXXXX,XXXXXX,XXXXXX,XXXXXX
111621465,XXXXXX,XXXXXX,XXXXXX,XXXXXX,XXXXXX,XXXXXX,XXXXXX,XXXXXX,XXXXXX,XXXXXX,XXXXXX,XXXXXX,XXXXXX,XXXXXX
111621465,XXXXXX,XXXXXX,XXXXXX,XXXXXX,XXXXXX,XXXXXX,XXXXXX,XXXXXX,XXXXXX,XXXXXX,XXXXXX,XXXXXX,XXXXXX,XXXXXX
111621465,XXXXXX,XXXXXX,XXXXXX,XXXXXX,XXXXXX,XXXXXX,XXXXXX,XXXXXX,XXXXXX,XXXXXX,XXXXXX,XXXXXX,XXXXXX,XXXXXX
111621465,XXXXXX,XXXXXX,XXXXXX,XXXXXX,XXXXXX,XXXXXX,XXXXXX,XXXXXX,XXXXXX,XXXXXX,XXXXXX,XXXXXX,XXXXXX,XXXXXX
111621465,XXXXXX,XXXXXX,XXXXXX,XXXXXX,XXXXXX,XXXXXX,XXXXXX,XXXXXX,XXXXXX,XXXXXX,XXXXXX,XXXXXX,XXXXXX,XXXXXX
111621465,XXXXXX,XXXXXX,XXXXXX,XXXXXX,XXXXXX,XXXXXX,XXXXXX,XXXXXX,XXXXXX,XXXXXX,XXXXXX,XXXXXX,XXXXXX,XXXXXX
111621465,XXXXXX,XXXXXX,XXXXXX,XXXXXX,XXXXXX,XXXXXX,XXXXXX,XXXXXX,XXXXXX,XXXXXX,XXXXXX,XXXXXX,XXXXXX,XXXXXX
111621465,XXXXXX,XXXXXX,XXXXXX,XXXXXX,XXXXXX,XXXXXX,XXXXXX,XXXXXX,XXXXXX,XXXXXX,XXXXXX,XXXXXX,XXXXXX,XXXXXX
111621465,XXXXXX,XXXXXX,XXXXXX,XXXXXX,XXXXXX,XXXXXX,XXXXXX,XXXXXX,XXXXXX,XXXXXX,XXXXXX,XXXXXX,XXXXXX,XXXXXX
111621465,XXXXXX,XXXXXX,XXXXXX,XXXXXX,XXXXXX,XXXXXX,XXXXXX,XXXXXX,XXXXXX,XXXXXX,XXXXXX,XXXXXX,XXXXXX,XXXXXX
111621465,XXXXXX,XXXXXX,XXXXXX,XXXXXX,XXXXXX,XXXXXX,XXXXXX,XXXXXX,XXXXXX,XXXXXX,XXXXXX,XXXXXX,XXXXXX,XXXXXX
111621465,XXXXXX,XXXXXX,XXXXXX,XXXXXX,XXXXXX,XXXXXX,XXXXXX,XXXXXX,XXXXXX,XXXXXX,XXXXXX,XXXXXX,XXXXXX,XXXXXX
111621465,XXXXXX,XXXXXX,XXXXXX,XXXXXX,XXXXXX,XXXXXX,XXXXXX,XXXXXX,XXXXXX,XXXXXX,XXXXXX,XXXXXX,XXXXXX,XXXXXX
111111,XXXXXX,XXXXXX,XXXXXX,XXXXXX,XXXXXX,XXXXXX,XXXXXX,XXXXXX,XXXXXX,XXXXXX,XXXXXX,XXXXXX,XXXXXX,XXXXXX
111111,XXXXXX,XXXXXX,XXXXXX,XXXXXX,XXXXXX,XXXXXX,XXXXXX,XXXXXX,XXXXXX,XXXXXX,XXXXXX,XXXXXX,XXXXXX,XXXXXX
111111,XXXXXX,XXXXXX,XXXXXX,XXXXXX,XXXXXX,XXXXXX,XXXXXX,XXXXXX,XXXXXX,XXXXXX,XXXXXX,XXXXXX,XXXXXX,XXXXXX
111111,XXXXXX,XXXXXX,XXXXXX,XXXXXX,XXXXXX,XXXXXX,XXXXXX,XXXXXX,XXXXXX,XXXXXX,XXXXXX,XXXXXX,XXXXXX,XXXXXX
111111,XXXXXX,XXXXXX,XXXXXX,XXXXXX,XXXXXX,XXXXXX,XXXXXX,XXXXXX,XXXXXX,XXXXXX,XXXXXX,XXXXXX,XXXXXX,XXXXXX
111111,XXXXXX,XXXXXX,XXXXXX,XXXXXX,XXXXXX,XXXXXX,XXXXXX,XXXXXX,XXXXXX,XXXXXX,XXXXXX,XXXXXX,XXXXXX,XXXXXX
111111,XXXXXX,XXXXXX,XXXXXX,XXXXXX,XXXXXX,XXXXXX,XXXXXX,XXXXXX,XXXXXX,XXXXXX,XXXXXX,XXXXXX,XXXXXX,XXXXXX
111111,XXXXXX,XXXXXX,XXXXXX,XXXXXX,XXXXXX,XXXXXX,XXXXXX,XXXXXX,XXXXXX,XXXXXX,XXXXXX,XXXXXX,XXXXXX,XXXXXX
111111,XXXXXX,XXXXXX,XXXXXX,XXXXXX,XXXXXX,XXXXXX,XXXXXX,XXXXXX,XXXXXX,XXXXXX,XXXXXX,XXXXXX,XXXXXX,XXXXXX
111111,XXXXXX,XXXXXX,XXXXXX,XXXXXX,XXXXXX,XXXXXX,XXXXXX,XXXXXX,XXXXXX,XXXXXX,XXXXXX,XXXXXX,XXXXXX,XXXXXX
111111,XXXXXX,XXXXXX,XXXXXX,XXXXXX,XXXXXX,XXXXXX,XXXXXX,XXXXXX,XXXXXX,XXXXXX,XXXXXX,XXXXXX,XXXXXX,XXXXXX
111111,XXXXXX,XXXXXX,XXXXXX,XXXXXX,XXXXXX,XXXXXX,XXXXXX,XXXXXX,XXXXXX,XXXXXX,XXXXXX,XXXXXX,XXXXXX,XXXXXX
111111,XXXXXX,XXXXXX,XXXXXX,XXXXXX,XXXXXX,XXXXXX,XXXXXX,XXXXXX,XXXXXX,XXXXXX,XXXXXX,XXXXXX,XXXXXX,XXXXXX
111111,XXXXXX,XXXXXX,XXXXXX,XXXXXX,XXXXXX,XXXXXX,XXXXXX,XXXXXX,XXXXXX,XXXXXX,XXXXXX,XXXXXX,XXXXXX,XXXXXX
111111,XXXXXX,XXXXXX,XXXXXX,XXXXXX,XXXXXX,XXXXXX,XXXXXX,XXXXXX,XXXXXX,XXXXXX,XXXXXX,XXXXXX,XXXXXX,XXXXXX
111111,XXXXXX,XXXXXX,XXXXXX,XXXXXX,XXXXXX,XXXXXX,XXXXXX,XXXXXX,XXXXXX,XXXXXX,XXXXXX,XXXXXX,XXXXXX,XXXXXX
111111,XXXXXX,XXXXXX,XXXXXX,XXXXXX,XXXXXX,XXXXXX,XXXXXX,XXXXXX,XXXXXX,XXXXXX,XXXXXX,XXXXXX,XXXXXX,XXXXXX
111111,XXXXXX,XXXXXX,XXXXXX,XXXXXX,XXXXXX,XXXXXX,XXXXXX,XXXXXX,XXXXXX,XXXXXX,XXXXXX,XXXXXX,XXXXXX,XXXXXX
111111,XXXXXX,XXXXXX,XXXXXX,XXXXXX,XXXXXX,XXXXXX,XXXXXX,XXXXXX,XXXXXX,XXXXXX,XXXXXX,XXXXXX,XXXXXX,XXXXXX
111111,XXXXXX,XXXXXX,XXXXXX,XXXXXX,XXXXXX,XXXXXX,XXXXXX,XXXXXX,XXXXXX,XXXXXX,XXXXXX,XXXXXX,XXXXXX,XXXXXX
111111,XXXXXX,XXXXXX,XXXXXX,XXXXXX,XXXXXX,XXXXXX,XXXXXX,XXXXXX,XXXXXX,XXXXXX,XXXXXX,XXXXXX,XXXXXX,XXXXXX
111111,XXXXXX,XXXXXX,XXXXXX,XXXXXX,XXXXXX,XXXXXX,XXXXXX,XXXXXX,XXXXXX,XXXXXX,XXXXXX,XXXXXX,XXXXXX,XXXXXX
111111,XXXXXX,XXXXXX,XXXXXX,XXXXXX,XXXXXX,XXXXXX,XXXXXX,XXXXXX,XXXXXX,XXXXXX,XXXXXX,XXXXXX,XXXXXX,XXXXXX
111111,XXXXXX,XXXXXX,XXXXXX,XXXXXX,XXXXXX,XXXXXX,XXXXXX,XXXXXX,XXXXXX,XXXXXX,XXXXXX,XXXXXX,XXXXXX,XXXXXX
111111,XXXXXX,XXXXXX,XXXXXX,XXXXXX,XXXXXX,XXXXXX,XXXXXX,XXXXXX,XXXXXX,XXXXXX,XXXXXX,XXXXXX,XXXXXX,XXXXXX
111111,XXXXXX,XXXXXX,XXXXXX,XXXXXX,XXXXXX,XXXXXX,XXXXXX,XXXXXX,XXXXXX,XXXXXX,XXXXXX,XXXXXX,XXXXXX,XXXXXX
111111,XXXXXX,XXXXXX,XXXXXX,XXXXXX,XXXXXX,XXXXXX,XXXXXX,XXXXXX,XXXXXX,XXXXXX,XXXXXX,XXXXXX,XXXXXX,XXXXXX
111111,XXXXXX,XXXXXX,XXXXXX,XXXXXX,XXXXXX,XXXXXX,XXXXXX,XXXXXX,XXXXXX,XXXXXX,XXXXXX,XXXXXX,XXXXXX,XXXXXX
111111,XXXXXX,XXXXXX,XXXXXX,XXXXXX,XXXXXX,XXXXXX,XXXXXX,XXXXXX,XXXXXX,XXXXXX,XXXXXX,XXXXXX,XXXXXX,XXXXXX
111111,XXXXXX,XXXXXX,XXXXXX,XXXXXX,XXXXXX,XXXXXX,XXXXXX,XXXXXX,XXXXXX,XXXXXX,XXXXXX,XXXXXX,XXXXXX,XXXXXX
111111,XXXXXX,XXXXXX,XXXXXX,XXXXXX,XXXXXX,XXXXXX,XXXXXX,XXXXXX,XXXXXX,XXXXXX,XXXXXX,XXXXXX,XXXXXX,XXXXXX
111111,XXXXXX,XXXXXX,XXXXXX,XXXXXX,XXXXXX,XXXXXX,XXXXXX,XXXXXX,XXXXXX,XXXXXX,XXXXXX,XXXXXX,XXXXXX,XXXXXX
111111,XXXXXX,XXXXXX,XXXXXX,XXXXXX,XXXXXX,XXXXXX,XXXXXX,XXXXXX,XXXXXX,XXXXXX,XXXXXX,XXXXXX,XXXXXX,XXXXXX
111111,XXXXXX,XXXXXX,XXXXXX,XXXXXX,XXXXXX,XXXXXX,XXXXXX,XXXXXX,XXXXXX,XXXXXX,XXXXXX,XXXXXX,XXXXXX,XXXXXX
111111,XXXXXX,XXXXXX,XXXXXX,XXXXXX,XXXXXX,XXXXXX,XXXXXX,XXXXXX,XXXXXX,XXXXXX,XXXXXX,XXXXXX,XXXXXX,XXXXXX
111111,XXXXXX,XXXXXX,XXXXXX,XXXXXX,XXXXXX,XXXXXX,XXXXXX,XXXXXX,XXXXXX,XXXXXX,XXXXXX,XXXXXX,XXXXXX,XXXXXX
111111,XXXXXX,XXXXXX,XXXXXX,XXXXXX,XXXXXX,XXXXXX,XXXXXX,XXXXXX,XXXXXX,XXXXXX,XXXXXX,XXXXXX,XXXXXX,XXXXXX
111111,XXXXXX,XXXXXX,XXXXXX,XXXXXX,XXXXXX,XXXXXX,XXXXXX,XXXXXX,XXXXXX,XXXXXX,XXXXXX,XXXXXX,XXXXXX,XXXXXX
111111,XXXXXX,XXXXXX,XXXXXX,XXXXXX,XXXXXX,XXXXXX,XXXXXX,XXXXXX,XXXXXX,XXXXXX,XXXXXX,XXXXXX,XXXXXX,XXXXXX
111111,XXXXXX,XXXXXX,XXXXXX,XXXXXX,XXXXXX,XXXXXX,XXXXXX,XXXXXX,XXXXXX,XXXXXX,XXXXXX,XXXXXX,XXXXXX,XXXXXX
111111,XXXXXX,XXXXXX,XXXXXX,XXXXXX,XXXXXX,XXXXXX,XXXXXX,XXXXXX,XXXXXX,XXXXXX,XXXXXX,XXXXXX,XXXXXX,XXXXXX
111111,XXXXXX,XXXXXX,XXXXXX,XXXXXX,XXXXXX,XXXXXX,XXXXXX,XXXXXX,XXXXXX,XXXXXX,XXXXXX,XXXXXX,XXXXXX,XXXXXX
111111,XXXXXX,XXXXXX,XXXXXX,XXXXXX,XXXXXX,XXXXXX,XXXXXX,XXXXXX,XXXXXX,XXXXXX,XXXXXX,XXXXXX,XXXXXX,XXXXXX
111111,XXXXXX,XXXXXX,XXXXXX,XXXXXX,XXXXXX,XXXXXX,XXXXXX,XXXXXX,XXXXXX,XXXXXX,XXXXXX,XXXXXX,XXXXXX,XXXXXX
111111,XXXXXX,XXXXXX,XXXXXX,XXXXXX,XXXXXX,XXXXXX,XXXXXX,XXXXXX,XXXXXX,XXXXXX,XXXXXX,XXXXXX,XXXXXX,XXXXXX
111111,XXXXXX,XXXXXX,XXXXXX,XXXXXX,XXXXXX,XXXXXX,XXXXXX,XXXXXX,XXXXXX,XXXXXX,XXXXXX,XXXXXX,XXXXXX,XXXXXX
111111,XXXXXX,XXXXXX,XXXXXX,XXXXXX,XXXXXX,XXXXXX,XXXXXX,XXXXXX,XXXXXX,XXXXXX,XXXXXX,XXXXXX,XXXXXX,XXXXXX
111111,XXXXXX,XXXXXX,XXXXXX,XXXXXX,XXXXXX,XXXXXX,XXXXXX,XXXXXX,XXXXXX,XXXXXX,XXXXXX,XXXXXX,XXXXXX,XXXXXX
111111,XXXXXX,XXXXXX,XXXXXX,XXXXXX,XXXXXX,XXXXXX,XXXXXX,XXXXXX,XXXXXX,XXXXXX,XXXXXX,XXXXXX,XXXXXX,XXXXXX
111111,XXXXXX,XXXXXX,XXXXXX,XXXXXX,XXXXXX,XXXXXX,XXXXXX,XXXXXX,XXXXXX,XXXXXX,XXXXXX,XXXXXX,XXXXXX,XXXXXX
111111,XXXXXX,XXXXXX,XXXXXX,XXXXXX,XXXXXX,XXXXXX,XXXXXX,XXXXXX,XXXXXX,XXXXXX,XXXXXX,XXXXXX,XXXXXX,XXXXXX
111111,XXXXXX,XXXXXX,XXXXXX,XXXXXX,XXXXXX,XXXXXX,XXXXXX,XXXXXX,XXXXXX,XXXXXX,XXXXXX,XXXXXX,XXXXXX,XXXXXX
111111,XXXXXX,XXXXXX,XXXXXX,XXXXXX,XXXXXX,XXXXXX,XXXXXX,XXXXXX,XXXXXX,XXXXXX,XXXXXX,XXXXXX,XXXXXX,XXXXXX
111111,XXXXXX,XXXXXX,XXXXXX,XXXXXX,XXXXXX,XXXXXX,XXXXXX,XXXXXX,XXXXXX,XXXXXX,XXXXXX,XXXXXX,XXXXXX,XXXXXX
111111,XXXXXX,XXXXXX,XXXXXX,XXXXXX,XXXXXX,XXXXXX,XXXXXX,XXXXXX,XXXXXX,XXXXXX,XXXXXX,XXXXXX,XXXXXX,XXXXXX
111111,XXXXXX,XXXXXX,XXXXXX,XXXXXX,XXXXXX,XXXXXX,XXXXXX,XXXXXX,XXXXXX,XXXXXX,XXXXXX,XXXXXX,XXXXXX,XXXXXX
111111,XXXXXX,XXXXXX,XXXXXX,XXXXXX,XXXXXX,XXXXXX,XXXXXX,XXXXXX,XXXXXX,XXXXXX,XXXXXX,XXXXXX,XXXXXX,XXXXXX
111111,XXXXXX,XXXXXX,XXXXXX,XXXXXX,XXXXXX,XXXXXX,XXXXXX,XXXXXX,XXXXXX,XXXXXX,XXXXXX,XXXXXX,XXXXXX,XXXXXX
111111,XXXXXX,XXXXXX,XXXXXX,XXXXXX,XXXXXX,XXXXXX,XXXXXX,XXXXXX,XXXXXX,XXXXXX,XXXXXX,XXXXXX,XXXXXX,XXXXXX
111111,XXXXXX,XXXXXX,XXXXXX,XXXXXX,XXXXXX,XXXXXX,XXXXXX,XXXXXX,XXXXXX,XXXXXX,XXXXXX,XXXXXX,XXXXXX,XXXXXX
111111,XXXXXX,XXXXXX,XXXXXX,XXXXXX,XXXXXX,XXXXXX,XXXXXX,XXXXXX,XXXXXX,XXXXXX,XXXXXX,XXXXXX,XXXXXX,XXXXXX
111111,XXXXXX,XXXXXX,XXXXXX,XXXXXX,XXXXXX,XXXXXX,XXXXXX,XXXXXX,XXXXXX,XXXXXX,XXXXXX,XXXXXX,XXXXXX,XXXXXX
111111,XXXXXX,XXXXXX,XXXXXX,XXXXXX,XXXXXX,XXXXXX,XXXXXX,XXXXXX,XXXXXX,XXXXXX,XXXXXX,XXXXXX,XXXXXX,XXXXXX
111111,XXXXXX,XXXXXX,XXXXXX,XXXXXX,XXXXXX,XXXXXX,XXXXXX,XXXXXX,XXXXXX,XXXXXX,XXXXXX,XXXXXX,XXXXXX,XXXXXX
111111,XXXXXX,XXXXXX,XXXXXX,XXXXXX,XXXXXX,XXXXXX,XXXXXX,XXXXXX,XXXXXX,XXXXXX,XXXXXX,XXXXXX,XXXXXX,XXXXXX
111111,XXXXXX,XXXXXX,XXXXXX,XXXXXX,XXXXXX,XXXXXX,XXXXXX,XXXXXX,XXXXXX,XXXXXX,XXXXXX,XXXXXX,XXXXXX,XXXXXX
111111,XXXXXX,XXXXXX,XXXXXX,XXXXXX,XXXXXX,XXXXXX,XXXXXX,XXXXXX,XXXXXX,XXXXXX,XXXXXX,XXXXXX,XXXXXX,XXXXXX
111111,XXXXXX,XXXXXX,XXXXXX,XXXXXX,XXXXXX,XXXXXX,XXXXXX,XXXXXX,XXXXXX,XXXXXX,XXXXXX,XXXXXX,XXXXXX,XXXXXX
111111,XXXXXX,XXXXXX,XXXXXX,XXXXXX,XXXXXX,XXXXXX,XXXXXX,XXXXXX,XXXXXX,XXXXXX,XXXXXX,XXXXXX,XXXXXX,XXXXXX
111111,XXXXXX,XXXXXX,XXXXXX,XXXXXX,XXXXXX,XXXXXX,XXXXXX,XXXXXX,XXXXXX,XXXXXX,XXXXXX,XXXXXX,XXXXXX,XXXXXX
111111,XXXXXX,XXXXXX,XXXXXX,XXXXXX,XXXXXX,XXXXXX,XXXXXX,XXXXXX,XXXXXX,XXXXXX,XXXXXX,XXXXXX,XXXXXX,XXXXXX
111111,XXXXXX,XXXXXX,XXXXXX,XXXXXX,XXXXXX,XXXXXX,XXXXXX,XXXXXX,XXXXXX,XXXXXX,XXXXXX,XXXXXX,XXXXXX,XXXXXX
111111,XXXXXX,XXXXXX,XXXXXX,XXXXXX,XXXXXX,XXXXXX,XXXXXX,XXXXXX,XXXXXX,XXXXXX,XXXXXX,XXXXXX,XXXXXX,XXXXXX
111111,XXXXXX,XXXXXX,XXXXXX,XXXXXX,XXXXXX,XXXXXX,XXXXXX,XXXXXX,XXXXXX,XXXXXX,XXXXXX,XXXXXX,XXXXXX,XXXXXX
111111,XXXXXX,XXXXXX,XXXXXX,XXXXXX,XXXXXX,XXXXXX,XXXXXX,XXXXXX,XXXXXX,XXXXXX,XXXXXX,XXXXXX,XXXXXX,XXXXXX
111111,XXXXXX,XXXXXX,XXXXXX,XXXXXX,XXXXXX,XXXXXX,XXXXXX,XXXXXX,XXXXXX,XXXXXX,XXXXXX,XXXXXX,XXXXXX,XXXXXX
111111,XXXXXX,XXXXXX,XXXXXX,XXXXXX,XXXXXX,XXXXXX,XXXXXX,XXXXXX,XXXXXX,XXXXXX,XXXXXX,XXXXXX,XXXXXX,XXXXXX
111111,XXXXXX,XXXXXX,XXXXXX,XXXXXX,XXXXXX,XXXXXX,XXXXXX,XXXXXX,XXXXXX,XXXXXX,XXXXXX,XXXXXX,XXXXXX,XXXXXX
111111,XXXXXX,XXXXXX,XXXXXX,XXXXXX,XXXXXX,XXXXXX,XXXXXX,XXXXXX,XXXXXX,XXXXXX,XXXXXX,XXXXXX,XXXXXX,XXXXXX
111111,XXXXXX,XXXXXX,XXXXXX,XXXXXX,XXXXXX,XXXXXX,XXXXXX,XXXXXX,XXXXXX,XXXXXX,XXXXXX,XXXXXX,XXXXXX,XXXXXX
111111,XXXXXX,XXXXXX,XXXXXX,XXXXXX,XXXXXX,XXXXXX,XXXXXX,XXXXXX,XXXXXX,XXXXXX,XXXXXX,XXXXXX,XXXXXX,XXXXXX
111111,XXXXXX,XXXXXX,XXXXXX,XXXXXX,XXXXXX,XXXXXX,XXXXXX,XXXXXX,XXXXXX,XXXXXX,XXXXXX,XXXXXX,XXXXXX,XXXXXX
111111,XXXXXX,XXXXXX,XXXXXX,XXXXXX,XXXXXX,XXXXXX,XXXXXX,XXXXXX,XXXXXX,XXXXXX,XXXXXX,XXXXXX,XXXXXX,XXXXXX
111111,XXXXXX,XXXXXX,XXXXXX,XXXXXX,XXXXXX,XXXXXX,XXXXXX,XXXXXX,XXXXXX,XXXXXX,XXXXXX,XXXXXX,XXXXXX,XXXXXX
111111,XXXXXX,XXXXXX,XXXXXX,XXXXXX,XXXXXX,XXXXXX,XXXXXX,XXXXXX,XXXXXX,XXXXXX,XXXXXX,XXXXXX,XXXXXX,XXXXXX
111111,XXXXXX,XXXXXX,XXXXXX,XXXXXX,XXXXXX,XXXXXX,XXXXXX,XXXXXX,XXXXXX,XXXXXX,XXXXXX,XXXXXX,XXXXXX,XXXXXX
111111,XXXXXX,XXXXXX,XXXXXX,XXXXXX,XXXXXX,XXXXXX,XXXXXX,XXXXXX,XXXXXX,XXXXXX,XXXXXX,XXXXXX,XXXXXX,XXXXXX
111111,XXXXXX,XXXXXX,XXXXXX,XXXXXX,XXXXXX,XXXXXX,XXXXXX,XXXXXX,XXXXXX,XXXXXX,XXXXXX,XXXXXX,XXXXXX,XXXXXX
111111,XXXXXX,XXXXXX,XXXXXX,XXXXXX,XXXXXX,XXXXXX,XXXXXX,XXXXXX,XXXXXX,XXXXXX,XXXXXX,XXXXXX,XXXXXX,XXXXXX
111111,XXXXXX,XXXXXX,XXXXXX,XXXXXX,XXXXXX,XXXXXX,XXXXXX,XXXXXX,XXXXXX,XXXXXX,XXXXXX,XXXXXX,XXXXXX,XXXXXX
111111,XXXXXX,XXXXXX,XXXXXX,XXXXXX,XXXXXX,XXXXXX,XXXXXX,XXXXXX,XXXXXX,XXXXXX,XXXXXX,XXXXXX,XXXXXX,XXXXXX
111111,XXXXXX,XXXXXX,XXXXXX,XXXXXX,XXXXXX,XXXXXX,XXXXXX,XXXXXX,XXXXXX,XXXXXX,XXXXXX,XXXXXX,XXXXXX,XXXXXX
111111,XXXXXX,XXXXXX,XXXXXX,XXXXXX,XXXXXX,XXXXXX,XXXXXX,XXXXXX,XXXXXX,XXXXXX,XXXXXX,XXXXXX,XXXXXX,XXXXXX
111111,XXXXXX,XXXXXX,XXXXXX,XXXXXX,XXXXXX,XXXXXX,XXXXXX,XXXXXX,XXXXXX,XXXXXX,XXXXXX,XXXXXX,XXXXXX,XXXXXX
111111,XXXXXX,XXXXXX,XXXXXX,XXXXXX,XXXXXX,XXXXXX,XXXXXX,XXXXXX,XXXXXX,XXXXXX,XXXXXX,XXXXXX,XXXXXX,XXXXXX
111111,XXXXXX,XXXXXX,XXXXXX,XXXXXX,XXXXXX,XXXXXX,XXXXXX,XXXXXX,XXXXXX,XXXXXX,XXXXXX,XXXXXX,XXXXXX,XXXXXX
111111,XXXXXX,XXXXXX,XXXXXX,XXXXXX,XXXXXX,XXXXXX,XXXXXX,XXXXXX,XXXXXX,XXXXXX,XXXXXX,XXXXXX,XXXXXX,XXXXXX
111111,XXXXXX,XXXXXX,XXXXXX,XXXXXX,XXXXXX,XXXXXX,XXXXXX,XXXXXX,XXXXXX,XXXXXX,XXXXXX,XXXXXX,XXXXXX,XXXXXX
111111,XXXXXX,XXXXXX,XXXXXX,XXXXXX,XXXXXX,XXXXXX,XXXXXX,XXXXXX,XXXXXX,XXXXXX,XXXXXX,XXXXXX,XXXXXX,XXXXXX
111111,XXXXXX,XXXXXX,XXXXXX,XXXXXX,XXXXXX,XXXXXX,XXXXXX,XXXXXX,XXXXXX,XXXXXX,XXXXXX,XXXXXX,XXXXXX,XXXXXX
111111,XXXXXX,XXXXXX,XXXXXX,XXXXXX,XXXXXX,XXXXXX,XXXXXX,XXXXXX,XXXXXX,XXXXXX,XXXXXX,XXXXXX,XXXXXX,XXXXXX
111111,XXXXXX,XXXXXX,XXXXXX,XXXXXX,XXXXXX,XXXXXX,XXXXXX,XXXXXX,XXXXXX,XXXXXX,XXXXXX,XXXXXX,XXXXXX,XXXXXX
111111,XXXXXX,XXXXXX,XXXXXX,XXXXXX,XXXXXX,XXXXXX,XXXXXX,XXXXXX,XXXXXX,XXXXXX,XXXXXX,XXXXXX,XXXXXX,XXXXXX
111111,XXXXXX,XXXXXX,XXXXXX,XXXXXX,XXXXXX,XXXXXX,XXXXXX,XXXXXX,XXXXXX,XXXXXX,XXXXXX,XXXXXX,XXXXXX,XXXXXX
111111,XXXXXX,XXXXXX,XXXXXX,XXXXXX,XXXXXX,XXXXXX,XXXXXX,XXXXXX,XXXXXX,XXXXXX,XXXXXX,XXXXXX,XXXXXX,XXXXXX
111111,XXXXXX,XXXXXX,XXXXXX,XXXXXX,XXXXXX,XXXXXX,XXXXXX,XXXXXX,XXXXXX,XXXXXX,XXXXXX,XXXXXX,XXXXXX,XXXXXX
111111,XXXXXX,XXXXXX,XXXXXX,XXXXXX,XXXXXX,XXXXXX,XXXXXX,XXXXXX,XXXXXX,XXXXXX,XXXXXX,XXXXXX,XXXXXX,XXXXXX
111111,XXXXXX,XXXXXX,XXXXXX,XXXXXX,XXXXXX,XXXXXX,XXXXXX,XXXXXX,XXXXXX,XXXXXX,XXXXXX,XXXXXX,XXXXXX,XXXXXX
111111,XXXXXX,XXXXXX,XXXXXX,XXXXXX,XXXXXX,XXXXXX,XXXXXX,XXXXXX,XXXXXX,XXXXXX,XXXXXX,XXXXXX,XXXXXX,XXXXXX
111111,XXXXXX,XXXXXX,XXXXXX,XXXXXX,XXXXXX,XXXXXX,XXXXXX,XXXXXX,XXXXXX,XXXXXX,XXXXXX,XXXXXX,XXXXXX,XXXXXX
111111,XXXXXX,XXXXXX,XXXXXX,XXXXXX,XXXXXX,XXXXXX,XXXXXX,XXXXXX,XXXXXX,XXXXXX,XXXXXX,XXXXXX,XXXXXX,XXXXXX
111111,XXXXXX,XXXXXX,XXXXXX,XXXXXX,XXXXXX,XXXXXX,XXXXXX,XXXXXX,XXXXXX,XXXXXX,XXXXXX,XXXXXX,XXXXXX,XXXXXX
111111,XXXXXX,XXXXXX,XXXXXX,XXXXXX,XXXXXX,XXXXXX,XXXXXX,XXXXXX,XXXXXX,XXXXXX,XXXXXX,XXXXXX,XXXXXX,XXXXXX
111111,XXXXXX,XXXXXX,XXXXXX,XXXXXX,XXXXXX,XXXXXX,XXXXXX,XXXXXX,XXXXXX,XXXXXX,XXXXXX,XXXXXX,XXXXXX,XXXXXX
111111,XXXXXX,XXXXXX,XXXXXX,XXXXXX,XXXXXX,XXXXXX,XXXXXX,XXXXXX,XXXXXX,XXXXXX,XXXXXX,XXXXXX,XXXXXX,XXXXXX
111111,XXXXXX,XXXXXX,XXXXXX,XXXXXX,XXXXXX,XXXXXX,XXXXXX,XXXXXX,XXXXXX,XXXXXX,XXXXXX,XXXXXX,XXXXXX,XXXXXX
111111,XXXXXX,XXXXXX,XXXXXX,XXXXXX,XXXXXX,XXXXXX,XXXXXX,XXXXXX,XXXXXX,XXXXXX,XXXXXX,XXXXXX,XXXXXX,XXXXXX
111111,XXXXXX,XXXXXX,XXXXXX,XXXXXX,XXXXXX,XXXXXX,XXXXXX,XXXXXX,XXXXXX,XXXXXX,XXXXXX,XXXXXX,XXXXXX,XXXXXX
111111,XXXXXX,XXXXXX,XXXXXX,XXXXXX,XXXXXX,XXXXXX,XXXXXX,XXXXXX,XXXXXX,XXXXXX,XXXXXX,XXXXXX,XXXXXX,XXXXXX
111111,XXXXXX,XXXXXX,XXXXXX,XXXXXX,XXXXXX,XXXXXX,XXXXXX,XXXXXX,XXXXXX,XXXXXX,XXXXXX,XXXXXX,XXXXXX,XXXXXX
111111,XXXXXX,XXXXXX,XXXXXX,XXXXXX,XXXXXX,XXXXXX,XXXXXX,XXXXXX,XXXXXX,XXXXXX,XXXXXX,XXXXXX,XXXXXX,XXXXXX
111111,XXXXXX,XXXXXX,XXXXXX,XXXXXX,XXXXXX,XXXXXX,XXXXXX,XXXXXX,XXXXXX,XXXXXX,XXXXXX,XXXXXX,XXXXXX,XXXXXX
111111,XXXXXX,XXXXXX,XXXXXX,XXXXXX,XXXXXX,XXXXXX,XXXXXX,XXXXXX,XXXXXX,XXXXXX,XXXXXX,XXXXXX,XXXXXX,XXXXXX
111111,XXXXXX,XXXXXX,XXXXXX,XXXXXX,XXXXXX,XXXXXX,XXXXXX,XXXXXX,XXXXXX,XXXXXX,XXXXXX,XXXXXX,XXXXXX,XXXXXX
111111,XXXXXX,XXXXXX,XXXXXX,XXXXXX,XXXXXX,XXXXXX,XXXXXX,XXXXXX,XXXXXX,XXXXXX,XXXXXX,XXXXXX,XXXXXX,XXXXXX
111111,XXXXXX,XXXXXX,XXXXXX,XXXXXX,XXXXXX,XXXXXX,XXXXXX,XXXXXX,XXXXXX,XXXXXX,XXXXXX,XXXXXX,XXXXXX,XXXXXX
111111,XXXXXX,XXXXXX,XXXXXX,XXXXXX,XXXXXX,XXXXXX,XXXXXX,XXXXXX,XXXXXX,XXXXXX,XXXXXX,XXXXXX,XXXXXX,XXXXXX
111111,XXXXXX,XXXXXX,XXXXXX,XXXXXX,XXXXXX,XXXXXX,XXXXXX,XXXXXX,XXXXXX,XXXXXX,XXXXXX,XXXXXX,XXXXXX,XXXXXX
111111,XXXXXX,XXXXXX,XXXXXX,XXXXXX,XXXXXX,XXXXXX,XXXXXX,XXXXXX,XXXXXX,XXXXXX,XXXXXX,XXXXXX,XXXXXX,XXXXXX
111111,XXXXXX,XXXXXX,XXXXXX,XXXXXX,XXXXXX,XXXXXX,XXXXXX,XXXXXX,XXXXXX,XXXXXX,XXXXXX,XXXXXX,XXXXXX,XXXXXX
111111,XXXXXX,XXXXXX,XXXXXX,XXXXXX,XXXXXX,XXXXXX,XXXXXX,XXXXXX,XXXXXX,XXXXXX,XXXXXX,XXXXXX,XXXXXX,XXXXXX
111111,XXXXXX,XXXXXX,XXXXXX,XXXXXX,XXXXXX,XXXXXX,XXXXXX,XXXXXX,XXXXXX,XXXXXX,XXXXXX,XXXXXX,XXXXXX,XXXXXX
111111,XXXXXX,XXXXXX,XXXXXX,XXXXXX,XXXXXX,XXXXXX,XXXXXX,XXXXXX,XXXXXX,XXXXXX,XXXXXX,XXXXXX,XXXXXX,XXXXXX
111111,XXXXXX,XXXXXX,XXXXXX,XXXXXX,XXXXXX,XXXXXX,XXXXXX,XXXXXX,XXXXXX,XXXXXX,XXXXXX,XXXXXX,XXXXXX,XXXXXX
111111,XXXXXX,XXXXXX,XXXXXX,XXXXXX,XXXXXX,XXXXXX,XXXXXX,XXXXXX,XXXXXX,XXXXXX,XXXXXX,XXXXXX,XXXXXX,XXXXXX
111111,XXXXXX,XXXXXX,XXXXXX,XXXXXX,XXXXXX,XXXXXX,XXXXXX,XXXXXX,XXXXXX,XXXXXX,XXXXXX,XXXXXX,XXXXXX,XXXXXX
111111,XXXXXX,XXXXXX,XXXXXX,XXXXXX,XXXXXX,XXXXXX,XXXXXX,XXXXXX,XXXXXX,XXXXXX,XXXXXX,XXXXXX,XXXXXX,XXXXXX
111111,XXXXXX,XXXXXX,XXXXXX,XXXXXX,XXXXXX,XXXXXX,XXXXXX,XXXXXX,XXXXXX,XXXXXX,XXXXXX,XXXXXX,XXXXXX,XXXXXX
111111,XXXXXX,XXXXXX,XXXXXX,XXXXXX,XXXXXX,XXXXXX,XXXXXX,XXXXXX,XXXXXX,XXXXXX,XXXXXX,XXXXXX,XXXXXX,XXXXXX
111111,XXXXXX,XXXXXX,XXXXXX,XXXXXX,XXXXXX,XXXXXX,XXXXXX,XXXXXX,XXXXXX,XXXXXX,XXXXXX,XXXXXX,XXXXXX,XXXXXX
111111,XXXXXX,XXXXXX,XXXXXX,XXXXXX,XXXXXX,XXXXXX,XXXXXX,XXXXXX,XXXXXX,XXXXXX,XXXXXX,XXXXXX,XXXXXX,XXXXXX
111111,XXXXXX,XXXXXX,XXXXXX,XXXXXX,XXXXXX,XXXXXX,XXXXXX,XXXXXX,XXXXXX,XXXXXX,XXXXXX,XXXXXX,XXXXXX,XXXXXX
111111,XXXXXX,XXXXXX,XXXXXX,XXXXXX,XXXXXX,XXXXXX,XXXXXX,XXXXXX,XXXXXX,XXXXXX,XXXXXX,XXXXXX,XXXXXX,XXXXXX
111111,XXXXXX,XXXXXX,XXXXXX,XXXXXX,XXXXXX,XXXXXX,XXXXXX,XXXXXX,XXXXXX,XXXXXX,XXXXXX,XXXXXX,XXXXXX,XXXXXX
111111,XXXXXX,XXXXXX,XXXXXX,XXXXXX,XXXXXX,XXXXXX,XXXXXX,XXXXXX,XXXXXX,XXXXXX,XXXXXX,XXXXXX,XXXXXX,XXXXXX
111111,XXXXXX,XXXXXX,XXXXXX,XXXXXX,XXXXXX,XXXXXX,XXXXXX,XXXXXX,XXXXXX,XXXXXX,XXXXXX,XXXXXX,XXXXXX,XXXXXX
111111,XXXXXX,XXXXXX,XXXXXX,XXXXXX,XXXXXX,XXXXXX,XXXXXX,XXXXXX,XXXXXX,XXXXXX,XXXXXX,XXXXXX,XXXXXX,XXXXXX
111111,XXXXXX,XXXXXX,XXXXXX,XXXXXX,XXXXXX,XXXXXX,XXXXXX,XXXXXX,XXXXXX,XXXXXX,XXXXXX,XXXXXX,XXXXXX,XXXXXX
111111,XXXXXX,XXXXXX,XXXXXX,XXXXXX,XXXXXX,XXXXXX,XXXXXX,XXXXXX,XXXXXX,XXXXXX,XXXXXX,XXXXXX,XXXXXX,XXXXXX
111111,XXXXXX,XXXXXX,XXXXXX,XXXXXX,XXXXXX,XXXXXX,XXXXXX,XXXXXX,XXXXXX,XXXXXX,XXXXXX,XXXXXX,XXXXXX,XXXXXX
111621465,XXXXXX,XXXXXX,XXXXXX,XXXXXX,XXXXXX,XXXXXX,XXXXXX,XXXXXX,XXXXXX,XXXXXX,XXXXXX,XXXXXX,XXXXXX,XXXXXX
111621465,XXXXXX,XXXXXX,XXXXXX,XXXXXX,XXXXXX,XXXXXX,XXXXXX,XXXXXX,XXXXXX,XXXXXX,XXXXXX,XXXXXX,XXXXXX,XXXXXX
111621465,XXXXXX,XXXXXX,XXXXXX,XXXXXX,XXXXXX,XXXXXX,XXXXXX,XXXXXX,XXXXXX,XXXXXX,XXXXXX,XXXXXX,XXXXXX,XXXXXX
111621465,XXXXXX,XXXXXX,XXXXXX,XXXXXX,XXXXXX,XXXXXX,XXXXXX,XXXXXX,XXXXXX,XXXXXX,XXXXXX,XXXXXX,XXXXXX,XXXXXX
111621465,XXXXXX,XXXXXX,XXXXXX,XXXXXX,XXXXXX,XXXXXX,XXXXXX,XXXXXX,XXXXXX,XXXXXX,XXXXXX,XXXXXX,XXXXXX,XXXXXX
111621465,XXXXXX,XXXXXX,XXXXXX,XXXXXX,XXXXXX,XXXXXX,XXXXXX,XXXXXX,XXXXXX,XXXXXX,XXXXXX,XXXXXX,XXXXXX,XXXXXX
111621465,XXXXXX,XXXXXX,XXXXXX,XXXXXX,XXXXXX,XXXXXX,XXXXXX,XXXXXX,XXXXXX,XXXXXX,XXXXXX,XXXXXX,XXXXXX,XXXXXX
111621465,XXXXXX,XXXXXX,XXXXXX,XXXXXX,XXXXXX,XXXXXX,XXXXXX,XXXXXX,XXXXXX,XXXXXX,XXXXXX,XXXXXX,XXXXXX,XXXXXX
111621465,XXXXXX,XXXXXX,XXXXXX,XXXXXX,XXXXXX,XXXXXX,XXXXXX,XXXXXX,XXXXXX,XXXXXX,XXXXXX,XXXXXX,XXXXXX,XXXXXX
111621465,XXXXXX,XXXXXX,XXXXXX,XXXXXX,XXXXXX,XXXXXX,XXXXXX,XXXXXX,XXXXXX,XXXXXX,XXXXXX,XXXXXX,XXXXXX,XXXXXX
111621465,XXXXXX,XXXXXX,XXXXXX,XXXXXX,XXXXXX,XXXXXX,XXXXXX,XXXXXX,XXXXXX,XXXXXX,XXXXXX,XXXXXX,XXXXXX,XXXXXX
111621465,XXXXXX,XXXXXX,XXXXXX,XXXXXX,XXXXXX,XXXXXX,XXXXXX,XXXXXX,XXXXXX,XXXXXX,XXXXXX,XXXXXX,XXXXXX,XXXXXX
111621465,XXXXXX,XXXXXX,XXXXXX,XXXXXX,XXXXXX,XXXXXX,XXXXXX,XXXXXX,XXXXXX,XXXXXX,XXXXXX,XXXXXX,XXXXXX,XXXXXX
111621465,XXXXXX,XXXXXX,XXXXXX,XXXXXX,XXXXXX,XXXXXX,XXXXXX,XXXXXX,XXXXXX,XXXXXX,XXXXXX,XXXXXX,XXXXXX,XXXXXX
111621465,XXXXXX,XXXXXX,XXXXXX,XXXXXX,XXXXXX,XXXXXX,XXXXXX,XXXXXX,XXXXXX,XXXXXX,XXXXXX,XXXXXX,XXXXXX,XXXXXX
111621465,XXXXXX,XXXXXX,XXXXXX,XXXXXX,XXXXXX,XXXXXX,XXXXXX,XXXXXX,XXXXXX,XXXXXX,XXXXXX,XXXXXX,XXXXXX,XXXXXX
111621465,XXXXXX,XXXXXX,XXXXXX,XXXXXX,XXXXXX,XXXXXX,XXXXXX,XXXXXX,XXXXXX,XXXXXX,XXXXXX,XXXXXX,XXXXXX,XXXXXX
111621465,XXXXXX,XXXXXX,XXXXXX,XXXXXX,XXXXXX,XXXXXX,XXXXXX,XXXXXX,XXXXXX,XXXXXX,XXXXXX,XXXXXX,XXXXXX,XXXXXX
111621465,XXXXXX,XXXXXX,XXXXXX,XXXXXX,XXXXXX,XXXXXX,XXXXXX,XXXXXX,XXXXXX,XXXXXX,XXXXXX,XXXXXX,XXXXXX,XXXXXX
111621465,XXXXXX,XXXXXX,XXXXXX,XXXXXX,XXXXXX,XXXXXX,XXXXXX,XXXXXX,XXXXXX,XXXXXX,XXXXXX,XXXXXX,XXXXXX,XXXXXX
111621465,XXXXXX,XXXXXX,XXXXXX,XXXXXX,XXXXXX,XXXXXX,XXXXXX,XXXXXX,XXXXXX,XXXXXX,XXXXXX,XXXXXX,XXXXXX,XXXXXX
111621465,XXXXXX,XXXXXX,XXXXXX,XXXXXX,XXXXXX,XXXXXX,XXXXXX,XXXXXX,XXXXXX,XXXXXX,XXXXXX,XXXXXX,XXXXXX,XXXXXX
111621465,XXXXXX,XXXXXX,XXXXXX,XXXXXX,XXXXXX,XXXXXX,XXXXXX,XXXXXX,XXXXXX,XXXXXX,XXXXXX,XXXXXX,XXXXXX,XXXXXX
111621465,XXXXXX,XXXXXX,XXXXXX,XXXXXX,XXXXXX,XXXXXX,XXXXXX,XXXXXX,XXXXXX,XXXXXX,XXXXXX,XXXXXX,XXXXXX,XXXXXX
111621465,XXXXXX,XXXXXX,XXXXXX,XXXXXX,XXXXXX,XXXXXX,XXXXXX,XXXXXX,XXXXXX,XXXXXX,XXXXXX,XXXXXX,XXXXXX,XXXXXX
111621465,XXXXXX,XXXXXX,XXXXXX,XXXXXX,XXXXXX,XXXXXX,XXXXXX,XXXXXX,XXXXXX,XXXXXX,XXXXXX,XXXXXX,XXXXXX,XXXXXX
111621465,XXXXXX,XXXXXX,XXXXXX,XXXXXX,XXXXXX,XXXXXX,XXXXXX,XXXXXX,XXXXXX,XXXXXX,XXXXXX,XXXXXX,XXXXXX,XXXXXX
111621465,XXXXXX,XXXXXX,XXXXXX,XXXXXX,XXXXXX,XXXXXX,XXXXXX,XXXXXX,XXXXXX,XXXXXX,XXXXXX,XXXXXX,XXXXXX,XXXXXX
111621465,XXXXXX,XXXXXX,XXXXXX,XXXXXX,XXXXXX,XXXXXX,XXXXXX,XXXXXX,XXXXXX,XXXXXX,XXXXXX,XXXXXX,XXXXXX,XXXXXX
111621465,XXXXXX,XXXXXX,XXXXXX,XXXXXX,XXXXXX,XXXXXX,XXXXXX,XXXXXX,XXXXXX,XXXXXX,XXXXXX,XXXXXX,XXXXXX,XXXXXX
111621465,XXXXXX,XXXXXX,XXXXXX,XXXXXX,XXXXXX,XXXXXX,XXXXXX,XXXXXX,XXXXXX,XXXXXX,XXXXXX,XXXXXX,XXXXXX,XXXXXX
111621465,XXXXXX,XXXXXX,XXXXXX,XXXXXX,XXXXXX,XXXXXX,XXXXXX,XXXXXX,XXXXXX,XXXXXX,XXXXXX,XXXXXX,XXXXXX,XXXXXX
111621465,XXXXXX,XXXXXX,XXXXXX,XXXXXX,XXXXXX,XXXXXX,XXXXXX,XXXXXX,XXXXXX,XXXXXX,XXXXXX,XXXXXX,XXXXXX,XXXXXX
111621465,XXXXXX,XXXXXX,XXXXXX,XXXXXX,XXXXXX,XXXXXX,XXXXXX,XXXXXX,XXXXXX,XXXXXX,XXXXXX,XXXXXX,XXXXXX,XXXXXX
111621465,XXXXXX,XXXXXX,XXXXXX,XXXXXX,XXXXXX,XXXXXX,XXXXXX,XXXXXX,XXXXXX,XXXXXX,XXXXXX,XXXXXX,XXXXXX,XXXXXX
111621465,XXXXXX,XXXXXX,XXXXXX,XXXXXX,XXXXXX,XXXXXX,XXXXXX,XXXXXX,XXXXXX,XXXXXX,XXXXXX,XXXXXX,XXXXXX,XXXXXX
111621465,XXXXXX,XXXXXX,XXXXXX,XXXXXX,XXXXXX,XXXXXX,XXXXXX,XXXXXX,XXXXXX,XXXXXX,XXXXXX,XXXXXX,XXXXXX,XXXXXX
111621465,XXXXXX,XXXXXX,XXXXXX,XXXXXX,XXXXXX,XXXXXX,XXXXXX,XXXXXX,XXXXXX,XXXXXX,XXXXXX,XXXXXX,XXXXXX,XXXXXX
111621465,XXXXXX,XXXXXX,XXXXXX,XXXXXX,XXXXXX,XXXXXX,XXXXXX,XXXXXX,XXXXXX,XXXXXX,XXXXXX,XXXXXX,XXXXXX,XXXXXX
111621465,XXXXXX,XXXXXX,XXXXXX,XXXXXX,XXXXXX,XXXXXX,XXXXXX,XXXXXX,XXXXXX,XXXXXX,XXXXXX,XXXXXX,XXXXXX,XXXXXX
111621465,XXXXXX,XXXXXX,XXXXXX,XXXXXX,XXXXXX,XXXXXX,XXXXXX,XXXXXX,XXXXXX,XXXXXX,XXXXXX,XXXXXX,XXXXXX,XXXXXX
111621465,XXXXXX,XXXXXX,XXXXXX,XXXXXX,XXXXXX,XXXXXX,XXXXXX,XXXXXX,XXXXXX,XXXXXX,XXXXXX,XXXXXX,XXXXXX,XXXXXX
111621465,XXXXXX,XXXXXX,XXXXXX,XXXXXX,XXXXXX,XXXXXX,XXXXXX,XXXXXX,XXXXXX,XXXXXX,XXXXXX,XXXXXX,XXXXXX,XXXXXX
111621465,XXXXXX,XXXXXX,XXXXXX,XXXXXX,XXXXXX,XXXXXX,XXXXXX,XXXXXX,XXXXXX,XXXXXX,XXXXXX,XXXXXX,XXXXXX,XXXXXX
111621465,XXXXXX,XXXXXX,XXXXXX,XXXXXX,XXXXXX,XXXXXX,XXXXXX,XXXXXX,XXXXXX,XXXXXX,XXXXXX,XXXXXX,XXXXXX,XXXXXX
111621465,XXXXXX,XXXXXX,XXXXXX,XXXXXX,XXXXXX,XXXXXX,XXXXXX,XXXXXX,XXXXXX,XXXXXX,XXXXXX,XXXXXX,XXXXXX,XXXXXX
111621465,XXXXXX,XXXXXX,XXXXXX,XXXXXX,XXXXXX,XXXXXX,XXXXXX,XXXXXX,XXXXXX,XXXXXX,XXXXXX,XXXXXX,XXXXXX,XXXXXX
111621465,XXXXXX,XXXXXX,XXXXXX,XXXXXX,XXXXXX,XXXXXX,XXXXXX,XXXXXX,XXXXXX,XXXXXX,XXXXXX,XXXXXX,XXXXXX,XXXXXX
111621465,XXXXXX,XXXXXX,XXXXXX,XXXXXX,XXXXXX,XXXXXX,XXXXXX,XXXXXX,XXXXXX,XXXXXX,XXXXXX,XXXXXX,XXXXXX,XXXXXX
111621465,XXXXXX,XXXXXX,XXXXXX,XXXXXX,XXXXXX,XXXXXX,XXXXXX,XXXXXX,XXXXXX,XXXXXX,XXXXXX,XXXXXX,XXXXXX,XXXXXX
111621465,XXXXXX,XXXXXX,XXXXXX,XXXXXX,XXXXXX,XXXXXX,XXXXXX,XXXXXX,XXXXXX,XXXXXX,XXXXXX,XXXXXX,XXXXXX,XXXXXX
111621465,XXXXXX,XXXXXX,XXXXXX,XXXXXX,XXXXXX,XXXXXX,XXXXXX,XXXXXX,XXXXXX,XXXXXX,XXXXXX,XXXXXX,XXXXXX,XXXXXX
111621465,XXXXXX,XXXXXX,XXXXXX,XXXXXX,XXXXXX,XXXXXX,XXXXXX,XXXXXX,XXXXXX,XXXXXX,XXXXXX,XXXXXX,XXXXXX,XXXXXX
111621465,XXXXXX,XXXXXX,XXXXXX,XXXXXX,XXXXXX,XXXXXX,XXXXXX,XXXXXX,XXXXXX,XXXXXX,XXXXXX,XXXXXX,XXXXXX,XXXXXX
111621465,XXXXXX,XXXXXX,XXXXXX,XXXXXX,XXXXXX,XXXXXX,XXXXXX,XXXXXX,XXXXXX,XXXXXX,XXXXXX,XXXXXX,XXXXXX,XXXXXX
111621465,XXXXXX,XXXXXX,XXXXXX,XXXXXX,XXXXXX,XXXXXX,XXXXXX,XXXXXX,XXXXXX,XXXXXX,XXXXXX,XXXXXX,XXXXXX,XXXXXX
111621465,XXXXXX,XXXXXX,XXXXXX,XXXXXX,XXXXXX,XXXXXX,XXXXXX,XXXXXX,XXXXXX,XXXXXX,XXXXXX,XXXXXX,XXXXXX,XXXXXX
111621465,XXXXXX,XXXXXX,XXXXXX,XXXXXX,XXXXXX,XXXXXX,XXXXXX,XXXXXX,XXXXXX,XXXXXX,XXXXXX,XXXXXX,XXXXXX,XXXXXX
111621465,XXXXXX,XXXXXX,XXXXXX,XXXXXX,XXXXXX,XXXXXX,XXXXXX,XXXXXX,XXXXXX,XXXXXX,XXXXXX,XXXXXX,XXXXXX,XXXXXX
111621465,XXXXXX,XXXXXX,XXXXXX,XXXXXX,XXXXXX,XXXXXX,XXXXXX,XXXXXX,XXXXXX,XXXXXX,XXXXXX,XXXXXX,XXXXXX,XXXXXX
111621465,XXXXXX,XXXXXX,XXXXXX,XXXXXX,XXXXXX,XXXXXX,XXXXXX,XXXXXX,XXXXXX,XXXXXX,XXXXXX,XXXXXX,XXXXXX,XXXXXX
111621465,XXXXXX,XXXXXX,XXXXXX,XXXXXX,XXXXXX,XXXXXX,XXXXXX,XXXXXX,XXXXXX,XXXXXX,XXXXXX,XXXXXX,XXXXXX,XXXXXX
111621465,XXXXXX,XXXXXX,XXXXXX,XXXXXX,XXXXXX,XXXXXX,XXXXXX,XXXXXX,XXXXXX,XXXXXX,XXXXXX,XXXXXX,XXXXXX,XXXXXX
111621465,XXXXXX,XXXXXX,XXXXXX,XXXXXX,XXXXXX,XXXXXX,XXXXXX,XXXXXX,XXXXXX,XXXXXX,XXXXXX,XXXXXX,XXXXXX,XXXXXX
111621465,XXXXXX,XXXXXX,XXXXXX,XXXXXX,XXXXXX,XXXXXX,XXXXXX,XXXXXX,XXXXXX,XXXXXX,XXXXXX,XXXXXX,XXXXXX,XXXXXX
111621465,XXXXXX,XXXXXX,XXXXXX,XXXXXX,XXXXXX,XXXXXX,XXXXXX,XXXXXX,XXXXXX,XXXXXX,XXXXXX,XXXXXX,XXXXXX,XXXXXX
111621465,XXXXXX,XXXXXX,XXXXXX,XXXXXX,XXXXXX,XXXXXX,XXXXXX,XXXXXX,XXXXXX,XXXXXX,XXXXXX,XXXXXX,XXXXXX,XXXXXX
111621465,XXXXXX,XXXXXX,XXXXXX,XXXXXX,XXXXXX,XXXXXX,XXXXXX,XXXXXX,XXXXXX,XXXXXX,XXXXXX,XXXXXX,XXXXXX,XXXXXX
111621465,XXXXXX,XXXXXX,XXXXXX,XXXXXX,XXXXXX,XXXXXX,XXXXXX,XXXXXX,XXXXXX,XXXXXX,XXXXXX,XXXXXX,XXXXXX,XXXXXX
111621465,XXXXXX,XXXXXX,XXXXXX,XXXXXX,XXXXXX,XXXXXX,XXXXXX,XXXXXX,XXXXXX,XXXXXX,XXXXXX,XXXXXX,XXXXXX,XXXXXX
111621465,XXXXXX,XXXXXX,XXXXXX,XXXXXX,XXXXXX,XXXXXX,XXXXXX,XXXXXX,XXXXXX,XXXXXX,XXXXXX,XXXXXX,XXXXXX,XXXXXX
111621465,XXXXXX,XXXXXX,XXXXXX,XXXXXX,XXXXXX,XXXXXX,XXXXXX,XXXXXX,XXXXXX,XXXXXX,XXXXXX,XXXXXX,XXXXXX,XXXXXX
111621465,XXXXXX,XXXXXX,XXXXXX,XXXXXX,XXXXXX,XXXXXX,XXXXXX,XXXXXX,XXXXXX,XXXXXX,XXXXXX,XXXXXX,XXXXXX,XXXXXX
111621465,XXXXXX,XXXXXX,XXXXXX,XXXXXX,XXXXXX,XXXXXX,XXXXXX,XXXXXX,XXXXXX,XXXXXX,XXXXXX,XXXXXX,XXXXXX,XXXXXX
111621465,XXXXXX,XXXXXX,XXXXXX,XXXXXX,XXXXXX,XXXXXX,XXXXXX,XXXXXX,XXXXXX,XXXXXX,XXXXXX,XXXXXX,XXXXXX,XXXXXX
111621465,XXXXXX,XXXXXX,XXXXXX,XXXXXX,XXXXXX,XXXXXX,XXXXXX,XXXXXX,XXXXXX,XXXXXX,XXXXXX,XXXXXX,XXXXXX,XXXXXX
111621465,XXXXXX,XXXXXX,XXXXXX,XXXXXX,XXXXXX,XXXXXX,XXXXXX,XXXXXX,XXXXXX,XXXXXX,XXXXXX,XXXXXX,XXXXXX,XXXXXX
111621465,XXXXXX,XXXXXX,XXXXXX,XXXXXX,XXXXXX,XXXXXX,XXXXXX,XXXXXX,XXXXXX,XXXXXX,XXXXXX,XXXXXX,XXXXXX,XXXXXX
111621465,XXXXXX,XXXXXX,XXXXXX,XXXXXX,XXXXXX,XXXXXX,XXXXXX,XXXXXX,XXXXXX,XXXXXX,XXXXXX,XXXXXX,XXXXXX,XXXXXX
111621465,XXXXXX,XXXXXX,XXXXXX,XXXXXX,XXXXXX,XXXXXX,XXXXXX,XXXXXX,XXXXXX,XXXXXX,XXXXXX,XXXXXX,XXXXXX,XXXXXX
111621465,XXXXXX,XXXXXX,XXXXXX,XXXXXX,XXXXXX,XXXXXX,XXXXXX,XXXXXX,XXXXXX,XXXXXX,XXXXXX,XXXXXX,XXXXXX,XXXXXX
111621465,XXXXXX,XXXXXX,XXXXXX,XXXXXX,XXXXXX,XXXXXX,XXXXXX,XXXXXX,XXXXXX,XXXXXX,XXXXXX,XXXXXX,XXXXXX,XXXXXX
111621465,XXXXXX,XXXXXX,XXXXXX,XXXXXX,XXXXXX,XXXXXX,XXXXXX,XXXXXX,XXXXXX,XXXXXX,XXXXXX,XXXXXX,XXXXXX,XXXXXX
111621465,XXXXXX,XXXXXX,XXXXXX,XXXXXX,XXXXXX,XXXXXX,XXXXXX,XXXXXX,XXXXXX,XXXXXX,XXXXXX,XXXXXX,XXXXXX,XXXXXX
111621465,XXXXXX,XXXXXX,XXXXXX,XXXXXX,XXXXXX,XXXXXX,XXXXXX,XXXXXX,XXXXXX,XXXXXX,XXXXXX,XXXXXX,XXXXXX,XXXXXX
111621465,XXXXXX,XXXXXX,XXXXXX,XXXXXX,XXXXXX,XXXXXX,XXXXXX,XXXXXX,XXXXXX,XXXXXX,XXXXXX,XXXXXX,XXXXXX,XXXXXX
111621465,XXXXXX,XXXXXX,XXXXXX,XXXXXX,XXXXXX,XXXXXX,XXXXXX,XXXXXX,XXXXXX,XXXXXX,XXXXXX,XXXXXX,XXXXXX,XXXXXX
111621465,XXXXXX,XXXXXX,XXXXXX,XXXXXX,XXXXXX,XXXXXX,XXXXXX,XXXXXX,XXXXXX,XXXXXX,XXXXXX,XXXXXX,XXXXXX,XXXXXX
111621465,XXXXXX,XXXXXX,XXXXXX,XXXXXX,XXXXXX,XXXXXX,XXXXXX,XXXXXX,XXXXXX,XXXXXX,XXXXXX,XXXXXX,XXXXXX,XXXXXX
111621465,XXXXXX,XXXXXX,XXXXXX,XXXXXX,XXXXXX,XXXXXX,XXXXXX,XXXXXX,XXXXXX,XXXXXX,XXXXXX,XXXXXX,XXXXXX,XXXXXX
111621465,XXXXXX,XXXXXX,XXXXXX,XXXXXX,XXXXXX,XXXXXX,XXXXXX,XXXXXX,XXXXXX,XXXXXX,XXXXXX,XXXXXX,XXXXXX,XXXXXX
111621465,XXXXXX,XXXXXX,XXXXXX,XXXXXX,XXXXXX,XXXXXX,XXXXXX,XXXXXX,XXXXXX,XXXXXX,XXXXXX,XXXXXX,XXXXXX,XXXXXX
111621465,XXXXXX,XXXXXX,XXXXXX,XXXXXX,XXXXXX,XXXXXX,XXXXXX,XXXXXX,XXXXXX,XXXXXX,XXXXXX,XXXXXX,XXXXXX,XXXXXX
111621465,XXXXXX,XXXXXX,XXXXXX,XXXXXX,XXXXXX,XXXXXX,XXXXXX,XXXXXX,XXXXXX,XXXXXX,XXXXXX,XXXXXX,XXXXXX,XXXXXX
111621465,XXXXXX,XXXXXX,XXXXXX,XXXXXX,XXXXXX,XXXXXX,XXXXXX,XXXXXX,XXXXXX,XXXXXX,XXXXXX,XXXXXX,XXXXXX,XXXXXX
111621465,XXXXXX,XXXXXX,XXXXXX,XXXXXX,XXXXXX,XXXXXX,XXXXXX,XXXXXX,XXXXXX,XXXXXX,XXXXXX,XXXXXX,XXXXXX,XXXXXX
111621465,XXXXXX,XXXXXX,XXXXXX,XXXXXX,XXXXXX,XXXXXX,XXXXXX,XXXXXX,XXXXXX,XXXXXX,XXXXXX,XXXXXX,XXXXXX,XXXXXX
111621465,XXXXXX,XXXXXX,XXXXXX,XXXXXX,XXXXXX,XXXXXX,XXXXXX,XXXXXX,XXXXXX,XXXXXX,XXXXXX,XXXXXX,XXXXXX,XXXXXX
111621465,XXXXXX,XXXXXX,XXXXXX,XXXXXX,XXXXXX,XXXXXX,XXXXXX,XXXXXX,XXXXXX,XXXXXX,XXXXXX,XXXXXX,XXXXXX,XXXXXX
111621465,XXXXXX,XXXXXX,XXXXXX,XXXXXX,XXXXXX,XXXXXX,XXXXXX,XXXXXX,XXXXXX,XXXXXX,XXXXXX,XXXXXX,XXXXXX,XXXXXX
111621465,XXXXXX,XXXXXX,XXXXXX,XXXXXX,XXXXXX,XXXXXX,XXXXXX,XXXXXX,XXXXXX,XXXXXX,XXXXXX,XXXXXX,XXXXXX,XXXXXX
111621465,XXXXXX,XXXXXX,XXXXXX,XXXXXX,XXXXXX,XXXXXX,XXXXXX,XXXXXX,XXXXXX,XXXXXX,XXXXXX,XXXXXX,XXXXXX,XXXXXX
111621465,XXXXXX,XXXXXX,XXXXXX,XXXXXX,XXXXXX,XXXXXX,XXXXXX,XXXXXX,XXXXXX,XXXXXX,XXXXXX,XXXXXX,XXXXXX,XXXXXX
111621465,XXXXXX,XXXXXX,XXXXXX,XXXXXX,XXXXXX,XXXXXX,XXXXXX,XXXXXX,XXXXXX,XXXXXX,XXXXXX,XXXXXX,XXXXXX,XXXXXX
111621465,XXXXXX,XXXXXX,XXXXXX,XXXXXX,XXXXXX,XXXXXX,XXXXXX,XXXXXX,XXXXXX,XXXXXX,XXXXXX,XXXXXX,XXXXXX,XXXXXX
111621465,XXXXXX,XXXXXX,XXXXXX,XXXXXX,XXXXXX,XXXXXX,XXXXXX,XXXXXX,XXXXXX,XXXXXX,XXXXXX,XXXXXX,XXXXXX,XXXXXX
111621465,XXXXXX,XXXXXX,XXXXXX,XXXXXX,XXXXXX,XXXXXX,XXXXXX,XXXXXX,XXXXXX,XXXXXX,XXXXXX,XXXXXX,XXXXXX,XXXXXX
111621465,XXXXXX,XXXXXX,XXXXXX,XXXXXX,XXXXXX,XXXXXX,XXXXXX,XXXXXX,XXXXXX,XXXXXX,XXXXXX,XXXXXX,XXXXXX,XXXXXX
111621465,XXXXXX,XXXXXX,XXXXXX,XXXXXX,XXXXXX,XXXXXX,XXXXXX,XXXXXX,XXXXXX,XXXXXX,XXXXXX,XXXXXX,XXXXXX,XXXXXX
111621465,XXXXXX,XXXXXX,XXXXXX,XXXXXX,XXXXXX,XXXXXX,XXXXXX,XXXXXX,XXXXXX,XXXXXX,XXXXXX,XXXXXX,XXXXXX,XXXXXX
111621465,XXXXXX,XXXXXX,XXXXXX,XXXXXX,XXXXXX,XXXXXX,XXXXXX,XXXXXX,XXXXXX,XXXXXX,XXXXXX,XXXXXX,XXXXXX,XXXXXX
111621465,XXXXXX,XXXXXX,XXXXXX,XXXXXX,XXXXXX,XXXXXX,XXXXXX,XXXXXX,XXXXXX,XXXXXX,XXXXXX,XXXXXX,XXXXXX,XXXXXX
111621465,XXXXXX,XXXXXX,XXXXXX,XXXXXX,XXXXXX,XXXXXX,XXXXXX,XXXXXX,XXXXXX,XXXXXX,XXXXXX,XXXXXX,XXXXXX,XXXXXX
111621465,XXXXXX,XXXXXX,XXXXXX,XXXXXX,XXXXXX,XXXXXX,XXXXXX,XXXXXX,XXXXXX,XXXXXX,XXXXXX,XXXXXX,XXXXXX,XXXXXX
111621465,XXXXXX,XXXXXX,XXXXXX,XXXXXX,XXXXXX,XXXXXX,XXXXXX,XXXXXX,XXXXXX,XXXXXX,XXXXXX,XXXXXX,XXXXXX,XXXXXX
111621465,XXXXXX,XXXXXX,XXXXXX,XXXXXX,XXXXXX,XXXXXX,XXXXXX,XXXXXX,XXXXXX,XXXXXX,XXXXXX,XXXXXX,XXXXXX,XXXXXX
111621465,XXXXXX,XXXXXX,XXXXXX,XXXXXX,XXXXXX,XXXXXX,XXXXXX,XXXXXX,XXXXXX,XXXXXX,XXXXXX,XXXXXX,XXXXXX,XXXXXX
111621465,XXXXXX,XXXXXX,XXXXXX,XXXXXX,XXXXXX,XXXXXX,XXXXXX,XXXXXX,XXXXXX,XXXXXX,XXXXXX,XXXXXX,XXXXXX,XXXXXX
111621465,XXXXXX,XXXXXX,XXXXXX,XXXXXX,XXXXXX,XXXXXX,XXXXXX,XXXXXX,XXXXXX,XXXXXX,XXXXXX,XXXXXX,XXXXXX,XXXXXX
111621465,XXXXXX,XXXXXX,XXXXXX,XXXXXX,XXXXXX,XXXXXX,XXXXXX,XXXXXX,XXXXXX,XXXXXX,XXXXXX,XXXXXX,XXXXXX,XXXXXX
111621465,XXXXXX,XXXXXX,XXXXXX,XXXXXX,XXXXXX,XXXXXX,XXXXXX,XXXXXX,XXXXXX,XXXXXX,XXXXXX,XXXXXX,XXXXXX,XXXXXX
111621465,XXXXXX,XXXXXX,XXXXXX,XXXXXX,XXXXXX,XXXXXX,XXXXXX,XXXXXX,XXXXXX,XXXXXX,XXXXXX,XXXXXX,XXXXXX,XXXXXX
111621465,XXXXXX,XXXXXX,XXXXXX,XXXXXX,XXXXXX,XXXXXX,XXXXXX,XXXXXX,XXXXXX,XXXXXX,XXXXXX,XXXXXX,XXXXXX,XXXXXX
111621465,XXXXXX,XXXXXX,XXXXXX,XXXXXX,XXXXXX,XXXXXX,XXXXXX,XXXXXX,XXXXXX,XXXXXX,XXXXXX,XXXXXX,XXXXXX,XXXXXX
111621465,XXXXXX,XXXXXX,XXXXXX,XXXXXX,XXXXXX,XXXXXX,XXXXXX,XXXXXX,XXXXXX,XXXXXX,XXXXXX,XXXXXX,XXXXXX,XXXXXX
111621465,XXXXXX,XXXXXX,XXXXXX,XXXXXX,XXXXXX,XXXXXX,XXXXXX,XXXXXX,XXXXXX,XXXXXX,XXXXXX,XXXXXX,XXXXXX,XXXXXX
111621465,XXXXXX,XXXXXX,XXXXXX,XXXXXX,XXXXXX,XXXXXX,XXXXXX,XXXXXX,XXXXXX,XXXXXX,XXXXXX,XXXXXX,XXXXXX,XXXXXX
111621465,XXXXXX,XXXXXX,XXXXXX,XXXXXX,XXXXXX,XXXXXX,XXXXXX,XXXXXX,XXXXXX,XXXXXX,XXXXXX,XXXXXX,XXXXXX,XXXXXX
111621465,XXXXXX,XXXXXX,XXXXXX,XXXXXX,XXXXXX,XXXXXX,XXXXXX,XXXXXX,XXXXXX,XXXXXX,XXXXXX,XXXXXX,XXXXXX,XXXXXX
111621465,XXXXXX,XXXXXX,XXXXXX,XXXXXX,XXXXXX,XXXXXX,XXXXXX,XXXXXX,XXXXXX,XXXXXX,XXXXXX,XXXXXX,XXXXXX,XXXXXX
111621465,XXXXXX,XXXXXX,XXXXXX,XXXXXX,XXXXXX,XXXXXX,XXXXXX,XXXXXX,XXXXXX,XXXXXX,XXXXXX,XXXXXX,XXXXXX,XXXXXX
111621465,XXXXXX,XXXXXX,XXXXXX,XXXXXX,XXXXXX,XXXXXX,XXXXXX,XXXXXX,XXXXXX,XXXXXX,XXXXXX,XXXXXX,XXXXXX,XXXXXX
111621465,XXXXXX,XXXXXX,XXXXXX,XXXXXX,XXXXXX,XXXXXX,XXXXXX,XXXXXX,XXXXXX,XXXXXX,XXXXXX,XXXXXX,XXXXXX,XXXXXX
111621465,XXXXXX,XXXXXX,XXXXXX,XXXXXX,XXXXXX,XXXXXX,XXXXXX,XXXXXX,XXXXXX,XXXXXX,XXXXXX,XXXXXX,XXXXXX,XXXXXX
111621465,XXXXXX,XXXXXX,XXXXXX,XXXXXX,XXXXXX,XXXXXX,XXXXXX,XXXXXX,XXXXXX,XXXXXX,XXXXXX,XXXXXX,XXXXXX,XXXXXX
111621465,XXXXXX,XXXXXX,XXXXXX,XXXXXX,XXXXXX,XXXXXX,XXXXXX,XXXXXX,XXXXXX,XXXXXX,XXXXXX,XXXXXX,XXXXXX,XXXXXX
111621465,XXXXXX,XXXXXX,XXXXXX,XXXXXX,XXXXXX,XXXXXX,XXXXXX,XXXXXX,XXXXXX,XXXXXX,XXXXXX,XXXXXX,XXXXXX,XXXXXX
111621465,XXXXXX,XXXXXX,XXXXXX,XXXXXX,XXXXXX,XXXXXX,XXXXXX,XXXXXX,XXXXXX,XXXXXX,XXXXXX,XXXXXX,XXXXXX,XXXXXX
111621465,XXXXXX,XXXXXX,XXXXXX,XXXXXX,XXXXXX,XXXXXX,XXXXXX,XXXXXX,XXXXXX,XXXXXX,XXXXXX,XXXXXX,XXXXXX,XXXXXX
111621465,XXXXXX,XXXXXX,XXXXXX,XXXXXX,XXXXXX,XXXXXX,XXXXXX,XXXXXX,XXXXXX,XXXXXX,XXXXXX,XXXXXX,XXXXXX,XXXXXX
111621465,XXXXXX,XXXXXX,XXXXXX,XXXXXX,XXXXXX,XXXXXX,XXXXXX,XXXXXX,XXXXXX,XXXXXX,XXXXXX,XXXXXX,XXXXXX,XXXXXX
111621465,XXXXXX,XXXXXX,XXXXXX,XXXXXX,XXXXXX,XXXXXX,XXXXXX,XXXXXX,XXXXXX,XXXXXX,XXXXXX,XXXXXX,XXXXXX,XXXXXX
111621465,XXXXXX,XXXXXX,XXXXXX,XXXXXX,XXXXXX,XXXXXX,XXXXXX,XXXXXX,XXXXXX,XXXXXX,XXXXXX,XXXXXX,XXXXXX,XXXXXX
111621465,XXXXXX,XXXXXX,XXXXXX,XXXXXX,XXXXXX,XXXXXX,XXXXXX,XXXXXX,XXXXXX,XXXXXX,XXXXXX,XXXXXX,XXXXXX,XXXXXX
111621465,XXXXXX,XXXXXX,XXXXXX,XXXXXX,XXXXXX,XXXXXX,XXXXXX,XXXXXX,XXXXXX,XXXXXX,XXXXXX,XXXXXX,XXXXXX,XXXXXX
111621465,XXXXXX,XXXXXX,XXXXXX,XXXXXX,XXXXXX,XXXXXX,XXXXXX,XXXXXX,XXXXXX,XXXXXX,XXXXXX,XXXXXX,XXXXXX,XXXXXX
111621465,XXXXXX,XXXXXX,XXXXXX,XXXXXX,XXXXXX,XXXXXX,XXXXXX,XXXXXX,XXXXXX,XXXXXX,XXXXXX,XXXXXX,XXXXXX,XXXXXX
111621465,XXXXXX,XXXXXX,XXXXXX,XXXXXX,XXXXXX,XXXXXX,XXXXXX,XXXXXX,XXXXXX,XXXXXX,XXXXXX,XXXXXX,XXXXXX,XXXXXX
111621465,XXXXXX,XXXXXX,XXXXXX,XXXXXX,XXXXXX,XXXXXX,XXXXXX,XXXXXX,XXXXXX,XXXXXX,XXXXXX,XXXXXX,XXXXXX,XXXXXX
111621465,XXXXXX,XXXXXX,XXXXXX,XXXXXX,XXXXXX,XXXXXX,XXXXXX,XXXXXX,XXXXXX,XXXXXX,XXXXXX,XXXXXX,XXXXXX,XXXXXX
